weight,dob,height,player,link,team,color,position
85,14-03-1983,185,Scott Thompson,http://stats.rleague.com/afl/stats/players/S/Scott_Thompson0.html,adelaide,#ce9a76,Midfielder
80,06-02-1987,180,Richard Douglas,http://stats.rleague.com/afl/stats/players/R/Richard_Douglas.html,adelaide,#d9ac84,Midfielder
85,17-03-1990,183,Rory Sloane,http://stats.rleague.com/afl/stats/players/R/Rory_Sloane.html,adelaide,#eac7a8,Midfielder
92,05-04-1990,185,Patrick Dangerfield,http://stats.rleague.com/afl/stats/players/P/Patrick_Dangerfield.html,adelaide,#e7c2a4,Midfielder
87,02-10-1985,186,Bernie Vince,http://stats.rleague.com/afl/stats/players/B/Bernie_Vince.html,adelaide,#f5b08c,Midfielder
84,14-01-1992,189,Brodie Smith,http://stats.rleague.com/afl/stats/players/B/Brodie_Smith.html,adelaide,#d9ae89,Defender
84,14-01-1994,185,Brad Crouch,http://stats.rleague.com/afl/stats/players/B/Brad_Crouch.html,adelaide,#f0ae8d,Midfielder
76,29-12-1993,178,Rory Laird,http://stats.rleague.com/afl/stats/players/R/Rory_Laird.html,adelaide,#e8c2a4,Defender
84,06-06-1986,184,Nathan van Berlo,http://stats.rleague.com/afl/stats/players/N/Nathan_van_Berlo.html,adelaide,#d5a880,Midfielder
78,25-07-1988,181,David Mackay,http://stats.rleague.com/afl/stats/players/D/David_Mackay.html,adelaide,#e8c1a2,Midfielder
92,15-05-1989,192,Andy Otten,http://stats.rleague.com/afl/stats/players/A/Andy_Otten.html,adelaide,#dbb290,null
79,22-09-1992,181,Luke Brown,http://stats.rleague.com/afl/stats/players/L/Luke_Brown1.html,adelaide,#d9a87d,Defender
85,15-09-1990,192,Tom Lynch,http://stats.rleague.com/afl/stats/players/T/Tom_Lynch0.html,adelaide,#e0b799,Forward
81,14-12-1989,178,Matthew Wright,http://stats.rleague.com/afl/stats/players/M/Matthew_Wright.html,adelaide,#e4c1a2,Midfielder
101,28-05-1983,190,Ben Rutten,http://stats.rleague.com/afl/stats/players/B/Ben_Rutten.html,adelaide,#eca077,Defender
91,11-09-1988,189,Ricky Henderson,http://stats.rleague.com/afl/stats/players/R/Ricky_Henderson.html,adelaide,#ddb596,Defender
105,10-04-1988,203,Sam Jacobs,http://stats.rleague.com/afl/stats/players/S/Sam_Jacobs.html,adelaide,#dfb690,Ruck
95,02-10-1991,196,Daniel Talia,http://stats.rleague.com/afl/stats/players/D/Daniel_Talia.html,adelaide,#cda283,Defender
85,27-11-1984,177,Jason Porplyzia,http://stats.rleague.com/afl/stats/players/J/Jason_Porplyzia.html,adelaide,#ddb38e,Forward
103,08-02-1989,199,Josh Jenkins,http://stats.rleague.com/afl/stats/players/J/Josh_Jenkins.html,adelaide,#d7ab89,Forward
86,12-11-1983,183,Brent Reilly,http://stats.rleague.com/afl/stats/players/B/Brent_Reilly.html,adelaide,#dbb18e,Defender
86,26-04-1993,188,Sam Kerridge,http://stats.rleague.com/afl/stats/players/S/Sam_Kerridge.html,adelaide,#e3bd9b,Midfielder
78,22-07-1992,184,Jarryd Lyons,http://stats.rleague.com/afl/stats/players/J/Jarryd_Lyons.html,adelaide,#f2a579,Midfielder
83,18-09-1989,180,Matthew Jaensch,http://stats.rleague.com/afl/stats/players/M/Matthew_Jaensch.html,adelaide,#deb392,Defender
82,22-12-1989,178,Jared Petrenko,http://stats.rleague.com/afl/stats/players/J/Jared_Petrenko.html,adelaide,#c39667,Forward
99,01-09-1990,196,Shaun McKernan,http://stats.rleague.com/afl/stats/players/S/Shaun_McKernan.html,adelaide,#e3bea1,Forward
82,02-01-1993,182,Mitch Grigg,http://stats.rleague.com/afl/stats/players/M/Mitch_Grigg.html,adelaide,null
80,12-09-1986,180,Richard Tambling,http://stats.rleague.com/afl/stats/players/R/Richard_Tambling.html,adelaide,#af7e53,Defender
70,20-12-1982,171,Ian Callinan,http://stats.rleague.com/afl/stats/players/I/Ian_Callinan.html,adelaide,#e0bb9d,Forward
91,03-03-1991,192,Lewis Johnston,http://stats.rleague.com/afl/stats/players/L/Lewis_Johnston.html,adelaide,#d7a67b,Forward
100,25-04-1990,192,Taylor Walker,http://stats.rleague.com/afl/stats/players/T/Taylor_Walker.html,adelaide,#d1a987,Forward
94,07-11-1991,195,Kyle Hartigan,http://stats.rleague.com/afl/stats/players/K/Kyle_Hartigan.html,adelaide,#d5ab88,Defender
86,15-04-1991,194,Sam Shaw,http://stats.rleague.com/afl/stats/players/S/Sam_Shaw.html,adelaide,#e0b895,Defender
87,21-10-1982,178,Graham Johncock,http://stats.rleague.com/afl/stats/players/G/Graham_Johncock.html,adelaide,#c59464,Forward
83,06-11-1988,180,Brodie Martin,http://stats.rleague.com/afl/stats/players/B/Brodie_Martin.html,adelaide,#d6aa83,Defender
86,13-12-1991,183,Aidan Riley,http://stats.rleague.com/afl/stats/players/A/Aidan_Riley.html,adelaide,#e1b99a,Midfielder
85,22-02-1990,185,Tom Rockliff,http://stats.rleague.com/afl/stats/players/T/Tom_Rockliff.html,brisbanelions,Midfielder
84,09-12-1990,189,Jack Redden,http://stats.rleague.com/afl/stats/players/J/Jack_Redden.html,brisbanelions,Midfielder
83,15-11-1985,184,Jed Adcock,http://stats.rleague.com/afl/stats/players/J/Jed_Adcock.html,brisbanelions,Defender
85,15-11-1988,185,Pearce Hanley,http://stats.rleague.com/afl/stats/players/P/Pearce_Hanley.html,brisbanelions,Defender
82,03-10-1991,183,Mitch Golby,http://stats.rleague.com/afl/stats/players/M/Mitch_Golby.html,brisbanelions,Defender
76,09-02-1989,175,Dayne Zorko,http://stats.rleague.com/afl/stats/players/D/Dayne_Zorko.html,brisbanelions,Midfielder
88,28-01-1984,182,Brent Moloney,http://stats.rleague.com/afl/stats/players/B/Brent_Moloney.html,brisbanelions,Midfielder
88,07-12-1984,189,Joel Patfull,http://stats.rleague.com/afl/stats/players/J/Joel_Patfull.html,brisbanelions,Defender
84,20-05-1994,187,Sam Mayes,http://stats.rleague.com/afl/stats/players/S/Sam_Mayes.html,brisbanelions,Midfielder
83,07-06-1990,183,Daniel Rich,http://stats.rleague.com/afl/stats/players/D/Daniel_Rich.html,brisbanelions,Midfielder
76,01-10-1993,189,Elliot Yeo,http://stats.rleague.com/afl/stats/players/E/Elliot_Yeo.html,brisbanelions,Defender
104,07-06-1988,204,Matthew Leuenberger,http://stats.rleague.com/afl/stats/players/M/Matthew_Leuenberger.html,brisbanelions,Ruck
87,26-08-1992,191,Ryan Lester,http://stats.rleague.com/afl/stats/players/R/Ryan_Lester.html,brisbanelions,Defender
82,08-03-1986,183,Andrew Raines,http://stats.rleague.com/afl/stats/players/A/Andrew_Raines.html,brisbanelions,Midfielder
83,10-10-1989,183,Rohan Bewick,http://stats.rleague.com/afl/stats/players/R/Rohan_Bewick.html,brisbanelions,Forward
83,08-07-1991,184,Ryan Harwood,http://stats.rleague.com/afl/stats/players/R/Ryan_Harwood.html,brisbanelions,Defender
103,12-12-1984,195,Daniel Merrett,http://stats.rleague.com/afl/stats/players/D/Daniel_Merrett.html,brisbanelions,Defender
86,20-05-1983,183,Ashley McGrath,http://stats.rleague.com/afl/stats/players/A/Ashley_McGrath.html,brisbanelions,Forward
100,23-05-1984,196,Brent Staker,http://stats.rleague.com/afl/stats/players/B/Brent_Staker.html,brisbanelions,Defender
102,29-10-1981,194,Jonathan Brown,http://stats.rleague.com/afl/stats/players/J/Jonathan_Brown.html,brisbanelions,Forward
81,03-04-1979,186,Simon Black,http://stats.rleague.com/afl/stats/players/S/Simon_Black.html,brisbanelions,Midfielder
76,24-08-1992,177,Josh Green,http://stats.rleague.com/afl/stats/players/J/Josh_Green.html,brisbanelions,Forward
84,17-10-1993,184,Sam Docherty,http://stats.rleague.com/afl/stats/players/S/Sam_Docherty.html,brisbanelions,Defender
87,21-01-1989,184,James Polkinghorne,http://stats.rleague.com/afl/stats/players/J/James_Polkinghorne.html,brisbanelions,Midfielder
100,30-05-1984,192,Matt Maguire,http://stats.rleague.com/afl/stats/players/M/Matt_Maguire.html,brisbanelions,Defender
88,18-11-1993,195,Justin Clarke,http://stats.rleague.com/afl/stats/players/J/Justin_Clarke.html,brisbanelions,Defender
95,12-06-1990,196,Jordan Lisle,http://stats.rleague.com/afl/stats/players/J/Jordan_Lisle.html,brisbanelions,Forward
86,03-09-1994,194,Marco Paparone,http://stats.rleague.com/afl/stats/players/M/Marco_Paparone.html,brisbanelions,Forward
88,23-04-1992,190,Patrick Karnezis,http://stats.rleague.com/afl/stats/players/P/Patrick_Karnezis.html,brisbanelions,Midfielder
104,17-11-1986,198,Stefan Martin,http://stats.rleague.com/afl/stats/players/S/Stefan_Martin.html,brisbanelions,Forward
95,16-02-1989,196,Niall McKeever,http://stats.rleague.com/afl/stats/players/N/Niall_McKeever.html,brisbanelions,Defender
98,12-05-1993,201,Billy Longer,http://stats.rleague.com/afl/stats/players/B/Billy_Longer.html,brisbanelions,Ruck
71,13-02-1991,184,Jesse OBrien,http://stats.rleague.com/afl/stats/players/J/Jesse_OBrien.html,brisbanelions,null
83,01-09-1991,183,Claye Beams,http://stats.rleague.com/afl/stats/players/C/Claye_Beams.html,brisbanelions,Midfielder
88,29-05-1990,192,Aaron Cornelius,http://stats.rleague.com/afl/stats/players/A/Aaron_Cornelius.html,brisbanelions,Forward
98,05-07-1993,199,Sam Michael,http://stats.rleague.com/afl/stats/players/S/Sam_Michael.html,brisbanelions,Ruck
83,02-10-1993,190,Jack Crisp,http://stats.rleague.com/afl/stats/players/J/Jack_Crisp.html,brisbanelions,Midfielder
85,12-10-1992,188,Jared Polec,http://stats.rleague.com/afl/stats/players/J/Jared_Polec.html,brisbanelions,Midfielder
79,05-05-1984,182,Kade Simpson,http://stats.rleague.com/afl/stats/players/K/Kade_Simpson.html,carlton,#d6ab8a,Midfielder
89,18-05-1986,190,Andrew Walker,http://stats.rleague.com/afl/stats/players/A/Andrew_Walker.html,carlton,#d1a57f,Defender
80,19-07-1987,180,Marc Murphy,http://stats.rleague.com/afl/stats/players/M/Marc_Murphy.html,carlton,#ddb694,Midfielder
85,15-03-1989,188,Bryce Gibbs,http://stats.rleague.com/afl/stats/players/B/Bryce_Gibbs.html,carlton,#d9b192,Midfielder
84,11-03-1986,184,Brock McLean,http://stats.rleague.com/afl/stats/players/B/Brock_McLean.html,carlton,#d4ab8c,Midfielder
88,08-09-1983,189,Chris Judd,http://stats.rleague.com/afl/stats/players/C/Chris_Judd.html,carlton,#d0a67d,Midfielder
82,21-07-1980,182,Heath Scotland,http://stats.rleague.com/afl/stats/players/H/Heath_Scotland.html,carlton,#d5ac8d,Defender
86,07-06-1989,185,Mitch Robinson,http://stats.rleague.com/afl/stats/players/M/Mitch_Robinson.html,carlton,#e7c6ac,Midfielder
83,07-11-1989,182,Ed Curnow,http://stats.rleague.com/afl/stats/players/E/Ed_Curnow.html,carlton,#bd926e,Midfielder
79,22-12-1986,181,Dennis Armfield,http://stats.rleague.com/afl/stats/players/D/Dennis_Armfield.html,carlton,#cb9c73,Midfielder
95,14-12-1989,196,Lachie Henderson,http://stats.rleague.com/afl/stats/players/L/Lachie_Henderson.html,carlton,#d4a782,Defender
79,26-06-1991,188,Kane Lucas,http://stats.rleague.com/afl/stats/players/K/Kane_Lucas.html,carlton,#ca9f7b,Midfielder
91,10-12-1989,187,Zach Tuohy,http://stats.rleague.com/afl/stats/players/Z/Zach_Tuohy.html,carlton,#e0ba97,Defender
67,03-08-1989,178,Jeff Garlett,http://stats.rleague.com/afl/stats/players/J/Jeff_Garlett.html,carlton,#d9af83,Forward
96,11-06-1986,193,Michael Jamison,http://stats.rleague.com/afl/stats/players/M/Michael_Jamison.html,carlton,#d8ad84,Defender
83,19-12-1990,180,Chris Yarran,http://stats.rleague.com/afl/stats/players/C/Chris_Yarran.html,carlton,#ba8f67,Forward
78,26-11-1986,173,Eddie Betts,http://stats.rleague.com/afl/stats/players/E/Eddie_Betts.html,carlton,#c99e77,Forward
86,08-05-1991,184,Jaryd Cachia,http://stats.rleague.com/afl/stats/players/J/Jaryd_Cachia.html,carlton,#f3bc9c,Midfielder
101,13-05-1989,200,Matthew Kreuzer,http://stats.rleague.com/afl/stats/players/M/Matthew_Kreuzer.html,carlton,#e1ba9e,Ruck
84,15-12-1983,187,Andrew Carrazzo,http://stats.rleague.com/afl/stats/players/A/Andrew_Carrazzo.html,carlton,#d2a47a,Midfielder
94,04-02-1983,194,Jarrad Waite,http://stats.rleague.com/afl/stats/players/J/Jarrad_Waite.html,carlton,#dbb28d,Forward
95,13-06-1991,187,Tom Bell,http://stats.rleague.com/afl/stats/players/T/Tom_Bell.html,carlton,#dcb28f,Midfielder
103,19-01-1987,206,Robert Warnock,http://stats.rleague.com/afl/stats/players/R/Robert_Warnock.html,carlton,#e0b99c,Ruck
99,15-03-1990,198,Levi Casboult,http://stats.rleague.com/afl/stats/players/L/Levi_Casboult.html,carlton,#d6ab84,Forward
91,17-06-1988,190,Simon White,http://stats.rleague.com/afl/stats/players/S/Simon_White.html,carlton,#dbb395,Defender
96,19-11-1987,198,Sam Rowe,http://stats.rleague.com/afl/stats/players/S/Sam_Rowe.html,carlton,#e3c3ac,Forward
86,20-03-1992,191,Andrew McInnes,http://stats.rleague.com/afl/stats/players/A/Andrew_McInnes.html,carlton,#dab69b,Defender
74,22-02-1993,190,Josh Bootsma,http://stats.rleague.com/afl/stats/players/J/Josh_Bootsma.html,carlton,Defender
102,21-03-1988,201,Shaun Hampson,http://stats.rleague.com/afl/stats/players/S/Shaun_Hampson.html,carlton,#daae87,Forward
88,07-09-1984,186,Nick Duigan,http://stats.rleague.com/afl/stats/players/N/Nick_Duigan.html,carlton,#d9b28b,Defender
99,16-07-1992,195,Matthew Watson,http://stats.rleague.com/afl/stats/players/M/Matthew_Watson1.html,carlton,#e5bd9b,Defender
78,22-09-1994,187,Troy Menzel,http://stats.rleague.com/afl/stats/players/T/Troy_Menzel.html,carlton,#d3aa86,Forward
78,13-03-1989,177,David Ellard,http://stats.rleague.com/afl/stats/players/D/David_Ellard.html,carlton,#d2a982,Midfielder
78,04-07-1989,180,Aaron Joseph,http://stats.rleague.com/afl/stats/players/A/Aaron_Joseph.html,carlton,#cba27d,Defender
80,12-06-1994,182,Nick Graham,http://stats.rleague.com/afl/stats/players/N/Nick_Graham.html,carlton,Midfielder
86,06-04-1991,188,Marcus Davies,http://stats.rleague.com/afl/stats/players/M/Marcus_Davies.html,carlton,#e2bb9a,Defender
75,16-03-1993,179,Dylan Buckley,http://stats.rleague.com/afl/stats/players/D/Dylan_Buckley.html,carlton,#ddb99a,Midfielder
88,05-08-1989,189,Jeremy Laidler,http://stats.rleague.com/afl/stats/players/J/Jeremy_Laidler.html,carlton,#e2bda1,Defender
92,25-02-1984,185,Dane Swan,http://stats.rleague.com/afl/stats/players/D/Dane_Swan.html,collingwood,#cda991,Midfielder
91,07-01-1988,191,Scott Pendlebury,http://stats.rleague.com/afl/stats/players/S/Scott_Pendlebury.html,collingwood,#dfba99,Midfielder
84,02-01-1991,180,Steele Sidebottom,http://stats.rleague.com/afl/stats/players/S/Steele_Sidebottom.html,collingwood,#c8a284,Midfielder
90,15-11-1986,187,Heritier Lumumba,http://stats.rleague.com/afl/stats/players/H/Heritier_Lumumba.html,collingwood,#a27555,null
86,27-11-1985,184,Heath Shaw,http://stats.rleague.com/afl/stats/players/H/Heath_Shaw.html,collingwood,#aa7a67,Defender
81,01-10-1991,176,Josh Thomas,http://stats.rleague.com/afl/stats/players/J/Josh_Thomas.html,collingwood,#dab8a1,Midfielder
81,14-04-1990,174,Jarryd Blair,http://stats.rleague.com/afl/stats/players/J/Jarryd_Blair.html,collingwood,#caa186,Midfielder
76,29-08-1986,177,Sam Dwyer,http://stats.rleague.com/afl/stats/players/S/Sam_Dwyer.html,collingwood,#d8b29b,Midfielder
102,29-04-1989,195,Ben Reid,http://stats.rleague.com/afl/stats/players/B/Ben_Reid.html,collingwood,#e3a88c,Defender
108,05-03-1987,196,Travis Cloke,http://stats.rleague.com/afl/stats/players/T/Travis_Cloke.html,collingwood,#d2ae92,Forward
72,11-01-1992,189,Paul Seedsman,http://stats.rleague.com/afl/stats/players/P/Paul_Seedsman.html,collingwood,#cba689,Defender
92,29-02-1988,187,Brent Macaffer,http://stats.rleague.com/afl/stats/players/B/Brent_Macaffer.html,collingwood,#dab69f,Forward
83,25-05-1984,183,Luke Ball,http://stats.rleague.com/afl/stats/players/L/Luke_Ball.html,collingwood,#e2bfa9,Midfielder
93,03-06-1983,193,Nick Maxwell,http://stats.rleague.com/afl/stats/players/N/Nick_Maxwell.html,collingwood,#d2af99,Defender
81,22-07-1993,181,Marley Williams,http://stats.rleague.com/afl/stats/players/M/Marley_Williams.html,collingwood,#e4a783,Defender
103,24-01-1983,192,Quinten Lynch,http://stats.rleague.com/afl/stats/players/Q/Quinten_Lynch.html,collingwood,#d1aa90,Forward
77,21-08-1992,177,Jamie Elliott,http://stats.rleague.com/afl/stats/players/J/Jamie_Elliott1.html,collingwood,#dfc0aa,Forward
83,12-02-1990,186,Dayne Beams,http://stats.rleague.com/afl/stats/players/D/Dayne_Beams.html,collingwood,#dab39b,Midfielder
97,17-12-1988,195,Nathan Brown,http://stats.rleague.com/afl/stats/players/N/Nathan_Brown2.html,collingwood,Defender
76,01-10-1991,181,Ben Sinclair,http://stats.rleague.com/afl/stats/players/B/Ben_Sinclair.html,collingwood,#eaaf96,Forward
88,22-05-1987,193,Tyson Goldsack,http://stats.rleague.com/afl/stats/players/T/Tyson_Goldsack.html,collingwood,#d8b5a0,Forward
84,13-11-1987,181,Martin Clarke,http://stats.rleague.com/afl/stats/players/M/Martin_Clarke.html,collingwood,#d7b6a3,Defender
76,03-03-1994,174,Ben Kennedy,http://stats.rleague.com/afl/stats/players/B/Ben_Kennedy.html,collingwood,#d8b49c,Midfielder
86,06-11-1986,188,Jordan Russell,http://stats.rleague.com/afl/stats/players/J/Jordan_Russell.html,collingwood,#ddbea5,Defender
86,21-06-1987,185,Dale Thomas,http://stats.rleague.com/afl/stats/players/D/Dale_Thomas.html,collingwood,Midfielder
108,06-11-1981,200,Darren Jolly,http://stats.rleague.com/afl/stats/players/D/Darren_Jolly.html,collingwood,#d8b39a,Ruck
76,04-02-1983,176,Andrew Krakouer,http://stats.rleague.com/afl/stats/players/A/Andrew_Krakouer1.html,collingwood,Forward
105,24-02-1979,196,Ben Hudson,http://stats.rleague.com/afl/stats/players/B/Ben_Hudson.html,collingwood,Ruck
99,14-04-1990,204,Lachlan Keeffe,http://stats.rleague.com/afl/stats/players/L/Lachlan_Keeffe.html,collingwood,#e9a68f,Defender
101,15-04-1994,202,Brodie Grundy,http://stats.rleague.com/afl/stats/players/B/Brodie_Grundy.html,collingwood,#c49d85,Ruck
85,15-02-1983,184,Alan Didak,http://stats.rleague.com/afl/stats/players/A/Alan_Didak.html,collingwood,#cc947e,Forward
77,17-09-1990,178,Kyle Martin,http://stats.rleague.com/afl/stats/players/K/Kyle_Martin.html,collingwood,#d8b69b,Midfielder
113,13-09-1992,208,Jarrod Witts,http://stats.rleague.com/afl/stats/players/J/Jarrod_Witts.html,collingwood,#d5b297,Ruck
89,23-03-1987,189,Alan Toovey,http://stats.rleague.com/afl/stats/players/A/Alan_Toovey.html,collingwood,#c69f7f,Defender
84,05-04-1981,183,Ben Johnson,http://stats.rleague.com/afl/stats/players/B/Ben_Johnson.html,collingwood,Defender
80,08-06-1992,181,Alex Fasolo,http://stats.rleague.com/afl/stats/players/A/Alex_Fasolo.html,collingwood,#b89279,Forward
87,16-02-1986,189,Clinton Young,http://stats.rleague.com/afl/stats/players/C/Clinton_Young.html,collingwood,#cda686,Midfielder
89,25-02-1992,194,Jack Frost,http://stats.rleague.com/afl/stats/players/J/Jack_Frost1.html,collingwood,#dfb9a3,Defender
76,25-01-1993,184,Caolan Mooney,http://stats.rleague.com/afl/stats/players/C/Caolan_Mooney.html,collingwood,#d9ae9b,Forward
78,01-11-1992,191,Adam Oxley,http://stats.rleague.com/afl/stats/players/A/Adam_Oxley.html,collingwood,#e2bda5,Defender
93,20-05-1985,189,Brendon Goddard,http://stats.rleague.com/afl/stats/players/B/Brendon_Goddard.html,essendon,#cba486,Midfielder
84,01-05-1986,182,Brent Stanton,http://stats.rleague.com/afl/stats/players/B/Brent_Stanton.html,essendon,#d2ab85,Midfielder
94,08-02-1985,190,Jobe Watson,http://stats.rleague.com/afl/stats/players/J/Jobe_Watson.html,essendon,#cfaa8a,Midfielder
86,03-01-1990,186,Michael Hibberd,http://stats.rleague.com/afl/stats/players/M/Michael_Hibberd.html,essendon,#dbb697,Defender
79,21-02-1990,182,David Zaharakis,http://stats.rleague.com/afl/stats/players/D/David_Zaharakis.html,essendon,#cba787,Midfielder
81,14-05-1992,189,Dyson Heppell,http://stats.rleague.com/afl/stats/players/D/Dyson_Heppell.html,essendon,#c8a07e,Midfielder
78,29-08-1991,185,Jake Melksham,http://stats.rleague.com/afl/stats/players/J/Jake_Melksham.html,essendon,#dcb598,Midfielder
97,13-10-1988,196,Cale Hooker,http://stats.rleague.com/afl/stats/players/C/Cale_Hooker.html,essendon,#cca786,Defender
88,30-06-1989,191,David Myers,http://stats.rleague.com/afl/stats/players/D/David_Myers.html,essendon,#cfad93,Midfielder
83,21-05-1987,180,Mark Baguley,http://stats.rleague.com/afl/stats/players/M/Mark_Baguley.html,essendon,#d0a984,Defender
92,01-10-1991,198,Jake Carlisle,http://stats.rleague.com/afl/stats/players/J/Jake_Carlisle.html,essendon,#dab89b,Defender
78,21-10-1988,180,Ben Howlett,http://stats.rleague.com/afl/stats/players/B/Ben_Howlett.html,essendon,#dbb799,Midfielder
87,27-12-1987,184,Heath Hocking,http://stats.rleague.com/afl/stats/players/H/Heath_Hocking.html,essendon,#c89f7c,Midfielder
80,28-08-1987,185,Courtenay Dempsey,http://stats.rleague.com/afl/stats/players/C/Courtenay_Dempsey.html,essendon,#c19670,Defender
92,14-03-1988,196,Patrick Ryder,http://stats.rleague.com/afl/stats/players/P/Patrick_Ryder.html,essendon,#b58e6d,Ruck
78,28-09-1990,184,Nick Kommer,http://stats.rleague.com/afl/stats/players/N/Nick_Kommer.html,essendon,#e2c0a7,Midfielder
95,10-08-1988,190,Stewart Crameri,http://stats.rleague.com/afl/stats/players/S/Stewart_Crameri.html,essendon,#caa482,Forward
92,01-06-1990,193,Michael Hurley,http://stats.rleague.com/afl/stats/players/M/Michael_Hurley.html,essendon,#cba387,Forward
92,07-05-1975,198,Dustin Fletcher,http://stats.rleague.com/afl/stats/players/D/Dustin_Fletcher.html,essendon,#c39b76,Defender
92,24-03-1990,191,Tayte Pears,http://stats.rleague.com/afl/stats/players/T/Tayte_Pears.html,essendon,#d2ad8b,Defender
106,09-07-1989,202,Tom Bellchambers,http://stats.rleague.com/afl/stats/players/T/Tom_Bellchambers.html,essendon,#d6b494,Ruck
82,10-10-1984,188,Jason Winderlich,http://stats.rleague.com/afl/stats/players/J/Jason_Winderlich.html,essendon,#d4b291,Forward
72,27-02-1993,183,Jackson Merrett,http://stats.rleague.com/afl/stats/players/J/Jackson_Merrett.html,essendon,#d4b299,Forward
72,15-05-1984,173,Alwyn Davey,http://stats.rleague.com/afl/stats/players/A/Alwyn_Davey.html,essendon,#9f795e,Forward
85,01-09-1988,186,Kyle Hardingham,http://stats.rleague.com/afl/stats/players/K/Kyle_Hardingham.html,essendon,#dab696,Defender
75,06-07-1988,177,Leroy Jetta,http://stats.rleague.com/afl/stats/players/L/Leroy_Jetta.html,essendon,#d5ae8a,Forward
72,24-08-1991,174,Travis Colyer,http://stats.rleague.com/afl/stats/players/T/Travis_Colyer.html,essendon,#d1b196,Midfielder
97,03-08-1988,197,Scott Gumbleton,http://stats.rleague.com/afl/stats/players/S/Scott_Gumbleton.html,essendon,#cca986,Forward
94,04-03-1994,201,Joe Daniher,http://stats.rleague.com/afl/stats/players/J/Joe_Daniher.html,essendon,#caa581,Forward
108,02-06-1981,202,David Hille,http://stats.rleague.com/afl/stats/players/D/David_Hille.html,essendon,#d1ac8e,Ruck
77,22-06-1993,185,Lauchlan Dalgleish,http://stats.rleague.com/afl/stats/players/L/Lauchlan_Dalgleish.html,essendon,#c79f7f,Midfielder
75,19-05-1993,185,Elliott Kavanagh,http://stats.rleague.com/afl/stats/players/E/Elliott_Kavanagh.html,essendon,#d5b095,Midfielder
81,08-12-1989,175,Cory DellOlio,http://stats.rleague.com/afl/stats/players/C/Cory_DellOlio.html,essendon,#daa38a,null
87,18-11-1982,190,Nathan Lovett-Murray,http://stats.rleague.com/afl/stats/players/N/Nathan_Lovett-Murray.html,essendon,Midfielder
91,26-06-1993,188,Nick OBrien,http://stats.rleague.com/afl/stats/players/N/Nick_OBrien.html,essendon,#c79f7f,null
71,14-07-1994,180,Will Hams,http://stats.rleague.com/afl/stats/players/W/Will_Hams.html,essendon,Midfielder
89,18-12-1987,189,Michael Barlow,http://stats.rleague.com/afl/stats/players/M/Michael_Barlow.html,fremantle,#d5b492,Midfielder
86,18-09-1991,189,Nathan Fyfe,http://stats.rleague.com/afl/stats/players/N/Nathan_Fyfe.html,fremantle,#cea67d,Midfielder
90,20-07-1985,192,David Mundy,http://stats.rleague.com/afl/stats/players/D/David_Mundy.html,fremantle,#d6b191,Midfielder
77,07-04-1986,179,Danyle Pearce,http://stats.rleague.com/afl/stats/players/D/Danyle_Pearce.html,fremantle,#9e7755,Midfielder
82,28-02-1986,183,Tendai Mzungu,http://stats.rleague.com/afl/stats/players/T/Tendai_Mzungu.html,fremantle,#aa8362,Midfielder
88,20-10-1984,194,Michael Johnson,http://stats.rleague.com/afl/stats/players/M/Michael_Johnson.html,fremantle,#c19777,Defender
85,05-02-1985,187,Paul Duffield,http://stats.rleague.com/afl/stats/players/P/Paul_Duffield.html,fremantle,#cfab8d,Defender
82,27-07-1987,183,Lee Spurr,http://stats.rleague.com/afl/stats/players/L/Lee_Spurr.html,fremantle,#d9b090,Defender
87,10-03-1990,187,Matthew de Boer,http://stats.rleague.com/afl/stats/players/M/Matthew_de_Boer.html,fremantle,#c39a79,null
80,02-11-1988,188,Chris Mayne,http://stats.rleague.com/afl/stats/players/C/Chris_Mayne.html,fremantle,#cf9476,Forward
87,05-03-1984,190,Ryan Crowley,http://stats.rleague.com/afl/stats/players/R/Ryan_Crowley.html,fremantle,#c19977,Midfielder
80,01-05-1990,184,Stephen Hill,http://stats.rleague.com/afl/stats/players/S/Stephen_Hill.html,fremantle,#e19264,Midfielder
90,23-10-1990,182,Clancee Pearce,http://stats.rleague.com/afl/stats/players/C/Clancee_Pearce.html,fremantle,#cc8558,Midfielder
81,09-05-1990,180,Nick Suban,http://stats.rleague.com/afl/stats/players/N/Nick_Suban.html,fremantle,#c69a72,Midfielder
78,07-01-1991,177,Michael Walters,http://stats.rleague.com/afl/stats/players/M/Michael_Walters.html,fremantle,#b2855f,Forward
85,15-03-1988,188,Garrick Ibbotson,http://stats.rleague.com/afl/stats/players/G/Garrick_Ibbotson.html,fremantle,#cfa885,Defender
78,16-07-1987,174,Hayden Ballantyne,http://stats.rleague.com/afl/stats/players/H/Hayden_Ballantyne.html,fremantle,#c8a07f,Forward
91,01-12-1981,191,Luke McPharlin,http://stats.rleague.com/afl/stats/players/L/Luke_McPharlin.html,fremantle,#d0a47f,Defender
77,24-05-1993,177,Lachie Neale,http://stats.rleague.com/afl/stats/players/L/Lachie_Neale.html,fremantle,#c69c76,Midfielder
83,28-03-1990,203,Zac Clarke,http://stats.rleague.com/afl/stats/players/Z/Zac_Clarke.html,fremantle,Ruck
81,23-05-1992,187,Cameron Sutcliffe,http://stats.rleague.com/afl/stats/players/C/Cameron_Sutcliffe.html,fremantle,#bd9068,Midfielder
94,22-02-1986,195,Zac Dawson,http://stats.rleague.com/afl/stats/players/Z/Zac_Dawson.html,fremantle,#cea987,Defender
98,31-12-1981,192,Matthew Pavlich,http://stats.rleague.com/afl/stats/players/M/Matthew_Pavlich.html,fremantle,#c9855d,Forward
76,28-10-1993,185,Tom Sheridan,http://stats.rleague.com/afl/stats/players/T/Tom_Sheridan.html,fremantle,#c59972,Midfielder
68,24-12-1993,185,Hayden Crozier,http://stats.rleague.com/afl/stats/players/H/Hayden_Crozier.html,fremantle,#cb9f7c,Forward
117,06-12-1982,211,Aaron Sandilands,http://stats.rleague.com/afl/stats/players/A/Aaron_Sandilands.html,fremantle,#c8a27b,Ruck
90,29-09-1987,192,Alex Silvagni,http://stats.rleague.com/afl/stats/players/A/Alex_Silvagni.html,fremantle,#bc8d68,Defender
102,09-07-1991,201,Jack Hannath,http://stats.rleague.com/afl/stats/players/J/Jack_Hannath.html,fremantle,#c19978,Ruck
100,14-01-1986,202,Jonathon Griffin,http://stats.rleague.com/afl/stats/players/J/Jonathon_Griffin.html,fremantle,#c69b75,Ruck
100,13-11-1985,199,Kepler Bradley,http://stats.rleague.com/afl/stats/players/K/Kepler_Bradley.html,fremantle,#c09775,Forward
89,17-06-1993,197,Matthew Taberner,http://stats.rleague.com/afl/stats/players/M/Matthew_Taberner.html,fremantle,#efac87,Forward
80,29-12-1992,188,Josh Mellington,http://stats.rleague.com/afl/stats/players/J/Josh_Mellington.html,fremantle,null
78,18-06-1991,183,Jesse Crichton,http://stats.rleague.com/afl/stats/players/J/Jesse_Crichton.html,fremantle,#ca9f7d,Midfielder
73,09-02-1994,184,Josh Simpson,http://stats.rleague.com/afl/stats/players/J/Josh_Simpson.html,fremantle,null
85,23-02-1992,185,Viv Michie,http://stats.rleague.com/afl/stats/players/V/Viv_Michie.html,fremantle,#dd9c75,Forward
80,24-04-1988,192,Peter Faulks,http://stats.rleague.com/afl/stats/players/P/Peter_Faulks.html,fremantle,#d3aa87,Defender
85,14-07-1993,189,Alex Forster,http://stats.rleague.com/afl/stats/players/A/Alex_Forster.html,fremantle,#c8a080,Defender
90,08-03-1994,196,Tanner Smith,http://stats.rleague.com/afl/stats/players/T/Tanner_Smith.html,fremantle,#cb9f7a,Defender
86,22-08-1994,204,Craig Moller,http://stats.rleague.com/afl/stats/players/C/Craig_Moller.html,fremantle,#cba584,Ruck
80,22-11-1984,177,Mathew Stokes,http://stats.rleague.com/afl/stats/players/M/Mathew_Stokes.html,geelong,#c49c78,Forward
86,26-05-1988,182,Joel Selwood,http://stats.rleague.com/afl/stats/players/J/Joel_Selwood.html,geelong,#d4b395,Midfielder
88,04-12-1983,187,Jimmy Bartel,http://stats.rleague.com/afl/stats/players/J/Jimmy_Bartel.html,geelong,#c9aa8d,Midfielder
87,04-07-1983,189,Steve Johnson,http://stats.rleague.com/afl/stats/players/S/Steve_Johnson.html,geelong,#d9b696,Midfielder
82,10-06-1991,187,Mitch Duncan,http://stats.rleague.com/afl/stats/players/M/Mitch_Duncan.html,geelong,#d0ae8d,Midfielder
87,07-08-1984,192,Andrew Mackie,http://stats.rleague.com/afl/stats/players/A/Andrew_Mackie.html,geelong,#d2aa7f,Defender
91,14-09-1981,187,Corey Enright,http://stats.rleague.com/afl/stats/players/C/Corey_Enright.html,geelong,#d1b392,Defender
89,17-02-1982,191,Joel Corey,http://stats.rleague.com/afl/stats/players/J/Joel_Corey.html,geelong,#cdaa87,Midfielder
77,19-05-1991,176,Allen Christensen,http://stats.rleague.com/afl/stats/players/A/Allen_Christensen.html,geelong,#c69e74,Midfielder
88,29-12-1983,183,James Kelly,http://stats.rleague.com/afl/stats/players/J/James_Kelly.html,geelong,#cfab85,Midfielder
75,12-03-1991,182,Steven Motlop,http://stats.rleague.com/afl/stats/players/S/Steven_Motlop.html,geelong,#df9563,Forward
92,12-06-1986,193,Harry Taylor,http://stats.rleague.com/afl/stats/players/H/Harry_Taylor.html,geelong,#d2ac87,Defender
102,10-09-1981,193,James Podsiadly,http://stats.rleague.com/afl/stats/players/J/James_Podsiadly.html,geelong,#c9a37b,Forward
82,28-09-1992,186,Josh Caddy,http://stats.rleague.com/afl/stats/players/J/Josh_Caddy.html,geelong,#dbb797,Midfielder
79,19-08-1992,186,Cameron Guthrie,http://stats.rleague.com/afl/stats/players/C/Cameron_Guthrie.html,geelong,#d8b595,Defender
95,28-03-1991,198,Mark Blicavs,http://stats.rleague.com/afl/stats/players/M/Mark_Blicavs.html,geelong,#debb9b,Ruck
100,27-07-1988,197,Tom Hawkins,http://stats.rleague.com/afl/stats/players/T/Tom_Hawkins1.html,geelong,Forward
98,17-05-1984,197,Tom Lonergan,http://stats.rleague.com/afl/stats/players/T/Tom_Lonergan.html,geelong,#dcbc99,Defender
84,05-11-1990,183,Taylor Hunt,http://stats.rleague.com/afl/stats/players/T/Taylor_Hunt.html,geelong,#d1b091,Midfielder
100,14-03-1982,185,Josh Hunt,http://stats.rleague.com/afl/stats/players/J/Josh_Hunt.html,geelong,#dfbfa2,Defender
80,10-04-1988,180,Travis Varcoe,http://stats.rleague.com/afl/stats/players/T/Travis_Varcoe.html,geelong,#9f7651,Midfielder
88,05-11-1981,179,Paul Chapman,http://stats.rleague.com/afl/stats/players/P/Paul_Chapman.html,geelong,#caa47e,Midfielder
76,08-06-1992,189,Billie Smedts,http://stats.rleague.com/afl/stats/players/B/Billie_Smedts.html,geelong,#eaae89,Forward
104,17-10-1987,198,Trent West,http://stats.rleague.com/afl/stats/players/T/Trent_West.html,geelong,#c9a37a,Ruck
78,22-12-1992,186,George Horlin-Smith,http://stats.rleague.com/afl/stats/players/G/George_Horlin-Smith.html,geelong,Midfielder
93,18-10-1984,192,Jared Rivers,http://stats.rleague.com/afl/stats/players/J/Jared_Rivers.html,geelong,#d8b288,Defender
82,23-03-1992,189,Jordan Murdoch,http://stats.rleague.com/afl/stats/players/J/Jordan_Murdoch.html,geelong,#debb96,Defender
94,25-06-1991,198,Nathan Vardy,http://stats.rleague.com/afl/stats/players/N/Nathan_Vardy.html,geelong,#e0bc9a,Ruck
73,03-04-1991,182,Jesse Stringer,http://stats.rleague.com/afl/stats/players/J/Jesse_Stringer.html,geelong,#d5b090,Midfielder
79,28-03-1994,190,Jackson Thurlow,http://stats.rleague.com/afl/stats/players/J/Jackson_Thurlow.html,geelong,#dbb89a,Defender
105,17-02-1989,206,Dawson Simpson,http://stats.rleague.com/afl/stats/players/D/Dawson_Simpson.html,geelong,#dcba9d,Ruck
86,08-08-1990,188,Mitch Brown,http://stats.rleague.com/afl/stats/players/M/Mitch_Brown1.html,geelong,#d9ab98,Forward
85,05-12-1992,182,Jordan Schroder,http://stats.rleague.com/afl/stats/players/J/Jordan_Schroder.html,geelong,#d4b194,Midfielder
87,12-11-1992,196,Josh Walker,http://stats.rleague.com/afl/stats/players/J/Josh_Walker.html,geelong,#d6b08d,Forward
80,16-06-1992,186,George Burbury,http://stats.rleague.com/afl/stats/players/G/George_Burbury.html,geelong,#d1af90,Forward
88,14-05-1984,182,Gary Ablett,http://stats.rleague.com/afl/stats/players/G/Gary_Ablett1.html,goldcoast,#d4ad89,Midfielder
82,12-10-1992,175,Dion Prestia,http://stats.rleague.com/afl/stats/players/D/Dion_Prestia.html,goldcoast,#cea581,Defender
82,23-02-1994,182,Jaeger OMeara,http://stats.rleague.com/afl/stats/players/J/Jaeger_OMeara.html,goldcoast,#d6aa85,null
74,18-07-1988,178,Jarrod Harbrow,http://stats.rleague.com/afl/stats/players/J/Jarrod_Harbrow.html,goldcoast,#d2a67f,Defender
88,18-02-1988,182,Danny Stanley,http://stats.rleague.com/afl/stats/players/D/Danny_Stanley.html,goldcoast,#d9b092,Defender
71,05-02-1992,187,Matt Shaw,http://stats.rleague.com/afl/stats/players/M/Matt_Shaw.html,goldcoast,Defender
83,19-11-1992,186,David Swallow,http://stats.rleague.com/afl/stats/players/D/David_Swallow.html,goldcoast,#d1a581,Midfielder
82,03-04-1992,191,Trent McKenzie,http://stats.rleague.com/afl/stats/players/T/Trent_McKenzie.html,goldcoast,#d0ab87,Defender
74,02-10-1992,185,Harley Bennell,http://stats.rleague.com/afl/stats/players/H/Harley_Bennell.html,goldcoast,#be9372,Midfielder
78,09-01-1990,186,Aaron Hall,http://stats.rleague.com/afl/stats/players/A/Aaron_Hall.html,goldcoast,#b18a64,Forward
89,29-09-1986,185,Greg Broughton,http://stats.rleague.com/afl/stats/players/G/Greg_Broughton.html,goldcoast,#8b6049,Defender
78,24-01-1992,186,Luke Russell,http://stats.rleague.com/afl/stats/players/L/Luke_Russell.html,goldcoast,#d7b396,Defender
91,12-03-1991,200,Rory Thompson,http://stats.rleague.com/afl/stats/players/R/Rory_Thompson.html,goldcoast,#e1b998,Defender
85,19-03-1986,189,Tom Murphy,http://stats.rleague.com/afl/stats/players/T/Tom_Murphy.html,goldcoast,Defender
95,28-07-1984,192,Jared Brennan,http://stats.rleague.com/afl/stats/players/J/Jared_Brennan.html,goldcoast,Midfielder
96,06-09-1992,196,Sam Day,http://stats.rleague.com/afl/stats/players/S/Sam_Day.html,goldcoast,#e1ba98,Forward
82,08-01-1986,184,Michael Rischitelli,http://stats.rleague.com/afl/stats/players/M/Michael_Rischitelli.html,goldcoast,#d1ac88,Midfielder
83,28-08-1983,177,Campbell Brown,http://stats.rleague.com/afl/stats/players/C/Campbell_Brown.html,goldcoast,Forward
93,10-01-1992,190,Steven May,http://stats.rleague.com/afl/stats/players/S/Steven_May.html,goldcoast,#daaf8c,Forward
101,23-09-1990,200,Charlie Dixon,http://stats.rleague.com/afl/stats/players/C/Charlie_Dixon.html,goldcoast,#d1ab8b,Ruck
65,11-03-1992,175,Brandon Matera,http://stats.rleague.com/afl/stats/players/B/Brandon_Matera.html,goldcoast,#e0b899,Forward
81,29-11-1991,186,Joel Wilkinson,http://stats.rleague.com/afl/stats/players/J/Joel_Wilkinson.html,goldcoast,#aa805c,Defender
88,02-06-1992,200,Daniel Gorringe,http://stats.rleague.com/afl/stats/players/D/Daniel_Gorringe.html,goldcoast,#e0ba99,Ruck
93,04-03-1992,201,Tom Nicholls,http://stats.rleague.com/afl/stats/players/T/Tom_Nicholls.html,goldcoast,#ba8f67,Ruck
92,20-02-1992,191,Jack Hutchins,http://stats.rleague.com/afl/stats/players/J/Jack_Hutchins.html,goldcoast,#cea387,Defender
91,31-10-1992,199,Tom Lynch,http://stats.rleague.com/afl/stats/players/T/Tom_Lynch1.html,goldcoast,#e0b799,Forward
86,09-10-1994,187,Timmy Sumner,http://stats.rleague.com/afl/stats/players/T/Timmy_Sumner.html,goldcoast,Forward
92,17-11-1986,186,Karmichael Hunt,http://stats.rleague.com/afl/stats/players/K/Karmichael_Hunt.html,goldcoast,#cda380,Midfielder
97,22-02-1990,205,Zac Smith,http://stats.rleague.com/afl/stats/players/Z/Zac_Smith.html,goldcoast,#d7ad8c,Ruck
79,13-02-1992,182,Maverick Weller,http://stats.rleague.com/afl/stats/players/M/Maverick_Weller.html,goldcoast,#d1a685,Defender
79,23-03-1994,180,Andrew Boston,http://stats.rleague.com/afl/stats/players/A/Andrew_Boston.html,goldcoast,#d3a17b,Midfielder
81,06-08-1992,191,Seb Tape,http://stats.rleague.com/afl/stats/players/S/Seb_Tape.html,goldcoast,#d6aa89,null
89,14-11-1994,183,Jesse Lonergan,http://stats.rleague.com/afl/stats/players/J/Jesse_Lonergan.html,goldcoast,#d4a885,Midfielder
76,13-09-1992,184,Jacob Gillbee,http://stats.rleague.com/afl/stats/players/J/Jacob_Gillbee.html,goldcoast,#d8b495,Forward
95,03-04-1984,192,Matthew Warnock,http://stats.rleague.com/afl/stats/players/M/Matthew_Warnock.html,goldcoast,#d1aa8b,Defender
71,03-12-1993,185,Alex Sexton,http://stats.rleague.com/afl/stats/players/A/Alex_Sexton.html,goldcoast,#d0a785,Midfielder
84,03-04-1990,197,Josh Hall,http://stats.rleague.com/afl/stats/players/J/Josh_Hall.html,goldcoast,#d3ae88,Forward
79,14-04-1993,179,Jackson Allen,http://stats.rleague.com/afl/stats/players/J/Jackson_Allen.html,goldcoast,#efae89,Defender
72,04-03-1988,189,Liam Patrick,http://stats.rleague.com/afl/stats/players/L/Liam_Patrick.html,goldcoast,#a57c5b,Forward
93,20-03-1983,193,Nathan Bock,http://stats.rleague.com/afl/stats/players/N/Nathan_Bock.html,goldcoast,#d5ac8d,Forward
88,02-09-1987,182,Kyal Horsley,http://stats.rleague.com/afl/stats/players/K/Kyal_Horsley.html,goldcoast,#dab191,Midfielder
81,13-03-1990,182,Leigh Osborne,http://stats.rleague.com/afl/stats/players/L/Leigh_Osborne.html,goldcoast,#cfa888,Defender
76,10-04-1990,185,Callan Ward,http://stats.rleague.com/afl/stats/players/C/Callan_Ward.html,greaterwesternsydney,Midfielder
81,09-03-1993,181,Adam Treloar,http://stats.rleague.com/afl/stats/players/A/Adam_Treloar.html,greaterwesternsydney,Midfielder
77,25-09-1993,181,Toby Greene,http://stats.rleague.com/afl/stats/players/T/Toby_Greene.html,greaterwesternsydney,Midfielder
81,09-03-1993,182,Dylan Shiel,http://stats.rleague.com/afl/stats/players/D/Dylan_Shiel.html,greaterwesternsydney,Midfielder
77,15-05-1991,182,Tom Scully,http://stats.rleague.com/afl/stats/players/T/Tom_Scully.html,greaterwesternsydney,Midfielder
82,15-12-1993,183,Stephen Coniglio,http://stats.rleague.com/afl/stats/players/S/Stephen_Coniglio.html,greaterwesternsydney,Midfielder
86,20-09-1993,180,Taylor Adams,http://stats.rleague.com/afl/stats/players/T/Taylor_Adams.html,greaterwesternsydney,Midfielder
75,18-07-1994,187,Lachie Whitfield,http://stats.rleague.com/afl/stats/players/L/Lachie_Whitfield.html,greaterwesternsydney,Midfielder
99,19-10-1988,195,Tim Mohr,http://stats.rleague.com/afl/stats/players/T/Tim_Mohr.html,greaterwesternsydney,Defender
75,20-05-1993,174,Devon Smith,http://stats.rleague.com/afl/stats/players/D/Devon_Smith.html,greaterwesternsydney,Midfielder
86,10-03-1993,188,Curtly Hampton,http://stats.rleague.com/afl/stats/players/C/Curtly_Hampton.html,greaterwesternsydney,Defender
87,10-08-1993,193,Adam Tomlinson,http://stats.rleague.com/afl/stats/players/A/Adam_Tomlinson.html,greaterwesternsydney,Forward
73,12-07-1992,181,Adam Kennedy,http://stats.rleague.com/afl/stats/players/A/Adam_Kennedy.html,greaterwesternsydney,Defender
99,08-01-1988,201,Jonathan Giles,http://stats.rleague.com/afl/stats/players/J/Jonathan_Giles.html,greaterwesternsydney,Ruck
89,01-04-1993,196,Jeremy Cameron,http://stats.rleague.com/afl/stats/players/J/Jeremy_Cameron.html,greaterwesternsydney,Forward
86,02-09-1984,192,Stephen Gilham,http://stats.rleague.com/afl/stats/players/S/Stephen_Gilham.html,greaterwesternsydney,Defender
78,05-04-1993,185,Tomas Bugg,http://stats.rleague.com/afl/stats/players/T/Tomas_Bugg.html,greaterwesternsydney,Defender
80,13-02-1989,182,Rhys Palmer,http://stats.rleague.com/afl/stats/players/R/Rhys_Palmer.html,greaterwesternsydney,Midfielder
85,30-08-1990,195,Phil Davis,http://stats.rleague.com/afl/stats/players/P/Phil_Davis.html,greaterwesternsydney,Defender
80,20-09-1994,180,Zac Williams,http://stats.rleague.com/afl/stats/players/Z/Zac_Williams.html,greaterwesternsydney,null
77,18-05-1992,192,Nick Haynes,http://stats.rleague.com/afl/stats/players/N/Nick_Haynes.html,greaterwesternsydney,null
93,08-06-1992,197,Josh Bruce,http://stats.rleague.com/afl/stats/players/J/Josh_Bruce.html,greaterwesternsydney,null
77,07-11-1989,188,Sam Reid,http://stats.rleague.com/afl/stats/players/S/Sam_Reid1.html,greaterwesternsydney,#d7b18d,Midfielder
101,14-12-1978,200,Dean Brogan,http://stats.rleague.com/afl/stats/players/D/Dean_Brogan.html,greaterwesternsydney,Ruck
73,02-09-1993,186,Will Hoskin-Elliott,http://stats.rleague.com/afl/stats/players/W/Will_Hoskin-Elliott.html,greaterwesternsydney,Midfielder
84,20-06-1993,187,Jacob Townsend,http://stats.rleague.com/afl/stats/players/J/Jacob_Townsend.html,greaterwesternsydney,Midfielder
85,17-05-1994,194,Aidan Corr,http://stats.rleague.com/afl/stats/players/A/Aidan_Corr.html,greaterwesternsydney,Defender
72,16-08-1993,178,Liam Sumner,http://stats.rleague.com/afl/stats/players/L/Liam_Sumner.html,greaterwesternsydney,Midfielder
79,15-02-1993,186,Sam Darley,http://stats.rleague.com/afl/stats/players/S/Sam_Darley.html,greaterwesternsydney,Defender
100,18-03-1983,199,Setanta OhAilpin,http://stats.rleague.com/afl/stats/players/S/Setanta_OhAilpin.html,greaterwesternsydney,null
84,11-09-1994,192,Lachlan Plowman,http://stats.rleague.com/afl/stats/players/L/Lachlan_Plowman.html,greaterwesternsydney,null
85,01-12-1992,190,Mark Whiley,http://stats.rleague.com/afl/stats/players/M/Mark_Whiley.html,greaterwesternsydney,Defender
85,19-10-1993,189,Matthew Buntine,http://stats.rleague.com/afl/stats/players/M/Matthew_Buntine.html,greaterwesternsydney,Defender
80,08-06-1993,186,Dom Tyson,http://stats.rleague.com/afl/stats/players/D/Dom_Tyson.html,greaterwesternsydney,Midfielder
77,28-02-1992,181,Anthony Miles,http://stats.rleague.com/afl/stats/players/A/Anthony_Miles.html,greaterwesternsydney,Midfielder
83,13-12-1993,189,Shaun Edwards,http://stats.rleague.com/afl/stats/players/S/Shaun_Edwards.html,greaterwesternsydney,Defender
102,20-05-1993,197,Jonathon Patton,http://stats.rleague.com/afl/stats/players/J/Jonathon_Patton.html,greaterwesternsydney,Forward
75,07-01-1993,185,Nathan Wilson,http://stats.rleague.com/afl/stats/players/N/Nathan_Wilson.html,greaterwesternsydney,Forward
82,31-01-1993,181,Gerald Ugle,http://stats.rleague.com/afl/stats/players/G/Gerald_Ugle.html,greaterwesternsydney,Defender
102,28-08-1993,194,Sam Frost,http://stats.rleague.com/afl/stats/players/S/Sam_Frost.html,greaterwesternsydney,null
84,07-10-1994,195,Kristian Jaksch,http://stats.rleague.com/afl/stats/players/K/Kristian_Jaksch.html,greaterwesternsydney,Forward
94,15-11-1983,192,Bret Thornton,http://stats.rleague.com/afl/stats/players/B/Bret_Thornton.html,greaterwesternsydney,Forward
82,06-04-1993,191,Tim Golds,http://stats.rleague.com/afl/stats/players/T/Tim_Golds.html,greaterwesternsydney,Defender
78,21-04-1994,188,Jonathan ORourke,http://stats.rleague.com/afl/stats/players/J/Jonathan_ORourke.html,greaterwesternsydney,null
95,27-04-1993,203,Tom Downie,http://stats.rleague.com/afl/stats/players/T/Tom_Downie.html,greaterwesternsydney,null
80,04-03-1994,195,James Stewart,http://stats.rleague.com/afl/stats/players/J/James_Stewart.html,greaterwesternsydney,Ruck
83,12-10-1982,179,Sam Mitchell,http://stats.rleague.com/afl/stats/players/S/Sam_Mitchell.html,hawthorn,#dcba97,Midfielder
90,24-04-1986,186,Jordan Lewis,http://stats.rleague.com/afl/stats/players/J/Jordan_Lewis.html,hawthorn,#ceaa84,Midfielder
90,15-06-1984,185,Luke Hodge,http://stats.rleague.com/afl/stats/players/L/Luke_Hodge.html,hawthorn,#debb98,Midfielder
77,30-12-1988,188,Isaac Smith,http://stats.rleague.com/afl/stats/players/I/Isaac_Smith.html,hawthorn,#dab694,Midfielder
88,21-10-1982,186,Shaun Burgoyne,http://stats.rleague.com/afl/stats/players/S/Shaun_Burgoyne.html,hawthorn,#bb8d5b,Defender
92,13-03-1984,189,Josh Gibson,http://stats.rleague.com/afl/stats/players/J/Josh_Gibson.html,hawthorn,#b38a5e,Defender
86,02-02-1984,181,Brad Sewell,http://stats.rleague.com/afl/stats/players/B/Brad_Sewell.html,hawthorn,#d0a57d,Midfielder
93,28-01-1988,193,Grant Birchall,http://stats.rleague.com/afl/stats/players/G/Grant_Birchall.html,hawthorn,#deb894,Defender
100,23-01-1987,193,Jarryd Roughead,http://stats.rleague.com/afl/stats/players/J/Jarryd_Roughead.html,hawthorn,#f6c8af,Forward
71,09-07-1993,179,Bradley Hill,http://stats.rleague.com/afl/stats/players/B/Bradley_Hill.html,hawthorn,#ad7f4e,Midfielder
76,02-12-1987,173,Paul Puopolo,http://stats.rleague.com/afl/stats/players/P/Paul_Puopolo.html,hawthorn,#d0aa83,Forward
82,01-03-1989,189,Ben Stratton,http://stats.rleague.com/afl/stats/players/B/Ben_Stratton.html,hawthorn,#f5ba9b,Defender
76,11-11-1990,184,Luke Breust,http://stats.rleague.com/afl/stats/players/L/Luke_Breust.html,hawthorn,#e1c2a4,Forward
81,16-10-1991,193,Jack Gunston,http://stats.rleague.com/afl/stats/players/J/Jack_Gunston.html,hawthorn,#dcb591,Forward
90,29-05-1982,182,Brent Guerra,http://stats.rleague.com/afl/stats/players/B/Brent_Guerra.html,hawthorn,Defender
102,30-01-1987,196,Lance Franklin,http://stats.rleague.com/afl/stats/players/L/Lance_Franklin.html,hawthorn,#bb8d5f,Forward
99,27-02-1982,195,Brian Lake,http://stats.rleague.com/afl/stats/players/B/Brian_Lake.html,hawthorn,#ddbe9d,Defender
102,22-05-1984,201,David Hale,http://stats.rleague.com/afl/stats/players/D/David_Hale.html,hawthorn,#d8b493,Ruck
80,29-04-1991,183,Liam Shiels,http://stats.rleague.com/afl/stats/players/L/Liam_Shiels.html,hawthorn,#e6c7ae,Midfielder
80,24-04-1991,179,Taylor Duryea,http://stats.rleague.com/afl/stats/players/T/Taylor_Duryea.html,hawthorn,#e8c9ab,Defender
82,28-10-1987,181,Jonathan Simpkin,http://stats.rleague.com/afl/stats/players/J/Jonathan_Simpkin.html,hawthorn,#dab799,Midfielder
80,14-07-1989,177,Cyril Rioli,http://stats.rleague.com/afl/stats/players/C/Cyril_Rioli.html,hawthorn,#d3aa78,Midfielder
80,05-01-1991,185,Shane Savage,http://stats.rleague.com/afl/stats/players/S/Shane_Savage.html,hawthorn,Midfielder
85,25-01-1990,183,Brendan Whitecross,http://stats.rleague.com/afl/stats/players/B/Brendan_Whitecross.html,hawthorn,#d9b596,Midfielder
101,23-10-1986,206,Max Bailey,http://stats.rleague.com/afl/stats/players/M/Max_Bailey.html,hawthorn,Ruck
75,02-02-1994,178,Jed Anderson,http://stats.rleague.com/afl/stats/players/J/Jed_Anderson.html,hawthorn,#deb896,Midfielder
90,23-04-1987,193,Matthew Spangher,http://stats.rleague.com/afl/stats/players/M/Matthew_Spangher.html,hawthorn,null
87,25-08-1989,186,Kyle Cheney,http://stats.rleague.com/afl/stats/players/K/Kyle_Cheney.html,hawthorn,#e2c1a5,Defender
86,08-11-1990,193,Ryan Schoenmakers,http://stats.rleague.com/afl/stats/players/R/Ryan_Schoenmakers.html,hawthorn,#e0bc9c,Defender
81,29-07-1982,178,Michael Osborne,http://stats.rleague.com/afl/stats/players/M/Michael_Osborne.html,hawthorn,Forward
96,03-01-1991,199,Sam Grimley,http://stats.rleague.com/afl/stats/players/S/Sam_Grimley.html,hawthorn,#e5c2a4,Ruck
76,28-02-1988,187,Xavier Ellis,http://stats.rleague.com/afl/stats/players/X/Xavier_Ellis.html,hawthorn,#b68d78,Midfielder
94,14-02-1991,204,Jonathon Ceglar,http://stats.rleague.com/afl/stats/players/J/Jonathon_Ceglar.html,hawthorn,#d1a986,Ruck
83,03-07-1992,187,Will Langford,http://stats.rleague.com/afl/stats/players/W/Will_Langford.html,hawthorn,#dbb695,Defender
85,20-01-1988,180,Nathan Jones,http://stats.rleague.com/afl/stats/players/N/Nathan_Jones.html,melbourne,#d5aa89,Midfielder
80,18-10-1987,188,Matt Jones,http://stats.rleague.com/afl/stats/players/M/Matt_Jones.html,melbourne,#ddb794,Midfielder
83,13-12-1989,186,Dean Terlich,http://stats.rleague.com/afl/stats/players/D/Dean_Terlich.html,melbourne,#d4a789,Defender
86,08-11-1985,186,Colin Sylvia,http://stats.rleague.com/afl/stats/players/C/Colin_Sylvia.html,melbourne,Midfielder
86,02-09-1991,185,Jack Trengove,http://stats.rleague.com/afl/stats/players/J/Jack_Trengove.html,melbourne,#deb698,Midfielder
90,28-04-1988,191,Colin Garland,http://stats.rleague.com/afl/stats/players/C/Colin_Garland.html,melbourne,#cca485,Defender
96,14-05-1987,192,Lynden Dunn,http://stats.rleague.com/afl/stats/players/L/Lynden_Dunn.html,melbourne,#d8b394,Defender
84,29-06-1990,190,Jeremy Howe,http://stats.rleague.com/afl/stats/players/J/Jeremy_Howe.html,melbourne,#d4ad94,Forward
88,18-09-1992,194,Tom McDonald,http://stats.rleague.com/afl/stats/players/T/Tom_McDonald.html,melbourne,#d5aa91,Defender
85,11-05-1989,187,Jack Grimes,http://stats.rleague.com/afl/stats/players/J/Jack_Grimes.html,melbourne,#d9b491,Midfielder
89,26-03-1991,196,Jack Watts,http://stats.rleague.com/afl/stats/players/J/Jack_Watts.html,melbourne,#d8ae90,Defender
95,20-09-1988,193,James Frawley,http://stats.rleague.com/afl/stats/players/J/James_Frawley.html,melbourne,#d7b192,Defender
77,07-04-1984,175,Shannon Byrnes,http://stats.rleague.com/afl/stats/players/S/Shannon_Byrnes.html,melbourne,#d4ae90,Forward
82,13-04-1994,178,Jack Viney,http://stats.rleague.com/afl/stats/players/J/Jack_Viney.html,melbourne,#d9af97,Midfielder
75,10-06-1983,177,Aaron Davey,http://stats.rleague.com/afl/stats/players/A/Aaron_Davey.html,melbourne,Forward
82,21-06-1990,186,Jordie McKenzie,http://stats.rleague.com/afl/stats/players/J/Jordie_McKenzie.html,melbourne,#d9b193,Midfielder
79,02-01-1994,183,Jimmy Toumpas,http://stats.rleague.com/afl/stats/players/J/Jimmy_Toumpas.html,melbourne,#d4ab89,Midfielder
87,28-06-1991,180,Luke Tapscott,http://stats.rleague.com/afl/stats/players/L/Luke_Tapscott.html,melbourne,#d9ae90,Defender
78,02-11-1990,183,Daniel Nicholson,http://stats.rleague.com/afl/stats/players/D/Daniel_Nicholson.html,melbourne,#d7b190,Defender
83,05-01-1990,182,Mitch Clisby,http://stats.rleague.com/afl/stats/players/M/Mitch_Clisby.html,melbourne,null
82,24-02-1994,179,Dean Kent,http://stats.rleague.com/afl/stats/players/D/Dean_Kent.html,melbourne,#dbb192,Midfielder
75,13-07-1992,180,Michael Evans,http://stats.rleague.com/afl/stats/players/M/Michael_Evans.html,melbourne,#cfa785,Midfielder
92,17-03-1987,193,Cameron Pedersen,http://stats.rleague.com/afl/stats/players/C/Cameron_Pedersen.html,melbourne,#d2ab8b,Ruck
87,08-10-1983,173,David Rodan,http://stats.rleague.com/afl/stats/players/D/David_Rodan.html,melbourne,Midfielder
106,30-12-1991,208,Max Gawn,http://stats.rleague.com/afl/stats/players/M/Max_Gawn.html,melbourne,#dab597,Ruck
105,16-05-1988,193,Chris Dawes,http://stats.rleague.com/afl/stats/players/C/Chris_Dawes.html,melbourne,#e1ba98,Forward
95,26-06-1991,200,Jack Fitzpatrick,http://stats.rleague.com/afl/stats/players/J/Jack_Fitzpatrick.html,melbourne,#c2977e,Ruck
81,26-06-1988,183,Rohan Bail,http://stats.rleague.com/afl/stats/players/R/Rohan_Bail.html,melbourne,#d1a883,Midfielder
98,09-10-1989,203,Jake Spencer,http://stats.rleague.com/afl/stats/players/J/Jake_Spencer.html,melbourne,#dfb69c,Ruck
80,19-02-1991,184,Sam Blease,http://stats.rleague.com/afl/stats/players/S/Sam_Blease.html,melbourne,#d3ac8f,Midfielder
101,09-08-1983,198,Mark Jamar,http://stats.rleague.com/afl/stats/players/M/Mark_Jamar.html,melbourne,#ca9f80,Ruck
98,24-03-1989,196,James Sellar,http://stats.rleague.com/afl/stats/players/J/James_Sellar.html,melbourne,Defender
82,14-06-1990,185,James Strauss,http://stats.rleague.com/afl/stats/players/J/James_Strauss.html,melbourne,#d9b091,Defender
79,12-02-1990,180,Neville Jetta,http://stats.rleague.com/afl/stats/players/N/Neville_Jetta.html,melbourne,#bf8a60,Midfielder
82,12-08-1987,178,James Magner,http://stats.rleague.com/afl/stats/players/J/James_Magner.html,melbourne,Midfielder
95,19-10-1987,198,Mitch Clark,http://stats.rleague.com/afl/stats/players/M/Mitch_Clark.html,melbourne,#d3ac8c,Forward
87,07-03-1990,192,Tom Gillies,http://stats.rleague.com/afl/stats/players/T/Tom_Gillies.html,melbourne,Defender
88,10-10-1984,188,Joel Macdonald,http://stats.rleague.com/afl/stats/players/J/Joel_Macdonald.html,melbourne,Defender
96,10-06-1992,192,Troy Davis,http://stats.rleague.com/afl/stats/players/T/Troy_Davis.html,melbourne,Defender
83,27-05-1986,185,Sam Gibson,http://stats.rleague.com/afl/stats/players/S/Sam_Gibson.html,northmelbourne,#d9ae88,Midfielder
76,22-06-1991,184,Ryan Bastinac,http://stats.rleague.com/afl/stats/players/R/Ryan_Bastinac.html,northmelbourne,#d7ae8e,Midfielder
82,03-02-1985,181,Daniel Wells,http://stats.rleague.com/afl/stats/players/D/Daniel_Wells.html,northmelbourne,#ba926a,Midfielder
86,30-06-1991,185,Ben Cunnington,http://stats.rleague.com/afl/stats/players/B/Ben_Cunnington.html,northmelbourne,#dbb592,Midfielder
73,23-02-1992,184,Aaron Mullett,http://stats.rleague.com/afl/stats/players/A/Aaron_Mullett.html,northmelbourne,#dcb492,Defender
80,02-06-1987,182,Andrew Swallow,http://stats.rleague.com/afl/stats/players/A/Andrew_Swallow.html,northmelbourne,#d1a784,Midfielder
81,13-09-1992,189,Shaun Atley,http://stats.rleague.com/afl/stats/players/S/Shaun_Atley.html,northmelbourne,#d7ae89,Defender
75,14-05-1978,172,Brent Harvey,http://stats.rleague.com/afl/stats/players/B/Brent_Harvey.html,northmelbourne,#daaf8b,Midfielder
87,28-02-1991,188,Jack Ziebell,http://stats.rleague.com/afl/stats/players/J/Jack_Ziebell.html,northmelbourne,#e5c3a2,Midfielder
82,23-09-1991,188,Jamie Macmillan,http://stats.rleague.com/afl/stats/players/J/Jamie_Macmillan.html,northmelbourne,#d3ac86,Midfielder
85,09-05-1986,190,Scott Thompson,http://stats.rleague.com/afl/stats/players/S/Scott_Thompson1.html,northmelbourne,#ce9a76,Midfielder
78,06-04-1988,176,Leigh Adams,http://stats.rleague.com/afl/stats/players/L/Leigh_Adams.html,northmelbourne,#d8a286,Midfielder
97,17-08-1988,197,Lachlan Hansen,http://stats.rleague.com/afl/stats/players/L/Lachlan_Hansen.html,northmelbourne,#e9af8f,Forward
102,15-10-1982,197,Drew Petrie,http://stats.rleague.com/afl/stats/players/D/Drew_Petrie.html,northmelbourne,#d9af87,Forward
94,05-08-1985,193,Nathan Grima,http://stats.rleague.com/afl/stats/players/N/Nathan_Grima.html,northmelbourne,#dfb48e,Defender
102,01-07-1988,201,Todd Goldstein,http://stats.rleague.com/afl/stats/players/T/Todd_Goldstein.html,northmelbourne,#e1a286,Ruck
94,27-11-1983,190,Michael Firrito,http://stats.rleague.com/afl/stats/players/M/Michael_Firrito.html,northmelbourne,#d7ad89,Defender
82,29-11-1990,192,Aaron Black,http://stats.rleague.com/afl/stats/players/A/Aaron_Black.html,northmelbourne,Forward
79,28-02-1988,181,Lindsay Thomas,http://stats.rleague.com/afl/stats/players/L/Lindsay_Thomas1.html,northmelbourne,#d59e7c,Forward
76,15-07-1990,188,Sam Wright,http://stats.rleague.com/afl/stats/players/S/Sam_Wright.html,northmelbourne,#d2a57f,Defender
75,24-01-1992,184,Taylor Hine,http://stats.rleague.com/afl/stats/players/T/Taylor_Hine.html,northmelbourne,#d4ac84,Defender
86,02-06-1986,184,Scott McMahon,http://stats.rleague.com/afl/stats/players/S/Scott_McMahon.html,northmelbourne,#dbb18e,Defender
96,25-04-1989,196,Robbie Tarrant,http://stats.rleague.com/afl/stats/players/R/Robbie_Tarrant.html,northmelbourne,#cba079,Forward
85,19-02-1989,181,Levi Greenwood,http://stats.rleague.com/afl/stats/players/L/Levi_Greenwood.html,northmelbourne,#e2aa89,Midfielder
76,29-05-1993,188,Brad McKenzie,http://stats.rleague.com/afl/stats/players/B/Brad_McKenzie.html,northmelbourne,#ddb893,Midfielder
82,09-01-1992,185,Ben Jacobs,http://stats.rleague.com/afl/stats/players/B/Ben_Jacobs.html,northmelbourne,#d6af86,Defender
82,26-07-1990,187,Will Sierakowski,http://stats.rleague.com/afl/stats/players/W/Will_Sierakowski.html,northmelbourne,#e2aa8e,Defender
86,09-09-1987,189,Liam Anthony,http://stats.rleague.com/afl/stats/players/L/Liam_Anthony.html,northmelbourne,#deb38d,Midfielder
97,24-06-1989,194,Luke Delaney,http://stats.rleague.com/afl/stats/players/L/Luke_Delaney.html,northmelbourne,#dab190,Defender
97,11-03-1991,195,Majak Daw,http://stats.rleague.com/afl/stats/players/M/Majak_Daw.html,northmelbourne,#60482e,Forward
86,19-06-1992,194,Cameron Delaney,http://stats.rleague.com/afl/stats/players/C/Cameron_Delaney.html,northmelbourne,#cda381,Defender
80,08-01-1994,186,Taylor Garner,http://stats.rleague.com/afl/stats/players/T/Taylor_Garner.html,northmelbourne,#d8b189,Forward
79,15-06-1992,187,Kieran Harper,http://stats.rleague.com/afl/stats/players/K/Kieran_Harper.html,northmelbourne,#e2ba96,Forward
81,05-01-1983,183,Kane Cornes,http://stats.rleague.com/afl/stats/players/K/Kane_Cornes.html,portadelaide,#dbae8b,Midfielder
83,01-08-1988,183,Travis Boak,http://stats.rleague.com/afl/stats/players/T/Travis_Boak.html,portadelaide,#d5a782,Midfielder
83,02-04-1990,188,Brad Ebert,http://stats.rleague.com/afl/stats/players/B/Brad_Ebert.html,portadelaide,#d49f76,Midfielder
77,29-09-1993,182,Chad Wingard,http://stats.rleague.com/afl/stats/players/C/Chad_Wingard.html,portadelaide,#ca9d76,Forward
89,07-10-1994,187,Ollie Wines,http://stats.rleague.com/afl/stats/players/O/Ollie_Wines.html,portadelaide,null
83,14-08-1990,185,Hamish Hartlett,http://stats.rleague.com/afl/stats/players/H/Hamish_Hartlett.html,portadelaide,#d6ab87,Midfielder
88,01-08-1990,189,Matthew Broadbent,http://stats.rleague.com/afl/stats/players/M/Matthew_Broadbent.html,portadelaide,#d8aa8a,Midfielder
84,13-03-1992,197,Cameron OShea,http://stats.rleague.com/afl/stats/players/C/Cameron_OShea.html,portadelaide,#d9aa8a,null
78,19-01-1987,184,Angus Monfries,http://stats.rleague.com/afl/stats/players/A/Angus_Monfries.html,portadelaide,#d6a77d,Midfielder
93,01-10-1986,199,Justin Westhoff,http://stats.rleague.com/afl/stats/players/J/Justin_Westhoff.html,portadelaide,#c6996e,Forward
95,18-04-1985,193,Jay Schulz,http://stats.rleague.com/afl/stats/players/J/Jay_Schulz.html,portadelaide,#d3a279,Forward
87,30-03-1988,183,Robbie Gray,http://stats.rleague.com/afl/stats/players/R/Robbie_Gray.html,portadelaide,#d8ac89,Midfielder
88,30-05-1991,189,Andrew Moore,http://stats.rleague.com/afl/stats/players/A/Andrew_Moore.html,portadelaide,#d8a786,Midfielder
101,30-04-1987,192,Alipate Carlile,http://stats.rleague.com/afl/stats/players/A/Alipate_Carlile.html,portadelaide,#c29472,Defender
84,09-01-1991,188,Tom Jonas,http://stats.rleague.com/afl/stats/players/T/Tom_Jonas.html,portadelaide,null
98,12-02-1989,200,Matthew Lobbe,http://stats.rleague.com/afl/stats/players/M/Matthew_Lobbe.html,portadelaide,#dcae8a,Ruck
80,01-04-1991,186,Jasper Pittard,http://stats.rleague.com/afl/stats/players/J/Jasper_Pittard.html,portadelaide,#e0b696,Defender
97,02-11-1990,197,Jackson Trengove,http://stats.rleague.com/afl/stats/players/J/Jackson_Trengove.html,portadelaide,#d8ac86,Defender
83,02-07-1985,183,Tom Logan,http://stats.rleague.com/afl/stats/players/T/Tom_Logan.html,portadelaide,#c4936a,Defender
84,22-09-1982,184,Domenic Cassisi,http://stats.rleague.com/afl/stats/players/D/Domenic_Cassisi.html,portadelaide,#c39068,Midfielder
67,29-05-1994,170,Jake Neade,http://stats.rleague.com/afl/stats/players/J/Jake_Neade.html,portadelaide,Forward
75,01-12-1989,174,Kane Mitchell,http://stats.rleague.com/afl/stats/players/K/Kane_Mitchell.html,portadelaide,#d7a987,Midfielder
72,20-12-1994,179,Sam Colquhoun,http://stats.rleague.com/afl/stats/players/S/Sam_Colquhoun.html,portadelaide,#e3b893,Midfielder
75,01-04-1991,187,Campbell Heath,http://stats.rleague.com/afl/stats/players/C/Campbell_Heath.html,portadelaide,#dbad8a,Defender
88,30-07-1989,189,Lewis Stevenson,http://stats.rleague.com/afl/stats/players/L/Lewis_Stevenson.html,portadelaide,#d8a97d,Defender
90,10-07-1987,191,Paul Stewart,http://stats.rleague.com/afl/stats/players/P/Paul_Stewart.html,portadelaide,#d3a37a,Forward
85,07-03-1993,194,Jack Hombsch,http://stats.rleague.com/afl/stats/players/J/Jack_Hombsch.html,portadelaide,#d8a983,Defender
90,03-07-1991,197,John Butcher,http://stats.rleague.com/afl/stats/players/J/John_Butcher.html,portadelaide,#cf9f7b,Forward
87,27-02-1987,186,Matt Thomas,http://stats.rleague.com/afl/stats/players/M/Matt_Thomas.html,portadelaide,#c3926b,Midfielder
75,06-12-1992,188,Aaron Young,http://stats.rleague.com/afl/stats/players/A/Aaron_Young.html,portadelaide,#d5a787,Forward
103,27-12-1990,205,Jarrad Redden,http://stats.rleague.com/afl/stats/players/J/Jarrad_Redden.html,portadelaide,#d19f7e,Ruck
98,03-05-1988,200,Brent Renouf,http://stats.rleague.com/afl/stats/players/B/Brent_Renouf.html,portadelaide,#d4a47c,Ruck
84,07-09-1990,191,Nathan Blee,http://stats.rleague.com/afl/stats/players/N/Nathan_Blee.html,portadelaide,#cda079,Defender
73,03-07-1990,176,Cameron Hitchcock,http://stats.rleague.com/afl/stats/players/C/Cameron_Hitchcock.html,portadelaide,#dcad8a,Forward
93,30-10-1988,200,Daniel Stewart,http://stats.rleague.com/afl/stats/players/D/Daniel_Stewart.html,portadelaide,#d3a578,Forward
84,07-04-1990,185,Trent Cotchin,http://stats.rleague.com/afl/stats/players/T/Trent_Cotchin.html,richmond,#e1c0a6,Midfielder
86,26-06-1991,187,Dustin Martin,http://stats.rleague.com/afl/stats/players/D/Dustin_Martin.html,richmond,#dab594,Midfielder
88,18-04-1987,188,Brett Deledio,http://stats.rleague.com/afl/stats/players/B/Brett_Deledio.html,richmond,#d3b090,Midfielder
91,25-04-1986,188,Daniel Jackson,http://stats.rleague.com/afl/stats/players/D/Daniel_Jackson.html,richmond,#deba98,Midfielder
85,19-04-1988,190,Shaun Grigg,http://stats.rleague.com/afl/stats/players/S/Shaun_Grigg.html,richmond,#d3ad8a,Midfielder
84,12-05-1988,180,Bachar Houli,http://stats.rleague.com/afl/stats/players/B/Bachar_Houli.html,richmond,#c7a17b,Defender
83,03-08-1993,181,Brandon Ellis,http://stats.rleague.com/afl/stats/players/B/Brandon_Ellis.html,richmond,#d6af8f,Defender
93,09-10-1989,194,Alex Rance,http://stats.rleague.com/afl/stats/players/A/Alex_Rance.html,richmond,#dcaf82,Defender
80,25-10-1988,182,Shane Edwards,http://stats.rleague.com/afl/stats/players/S/Shane_Edwards.html,richmond,#d9b898,Forward
78,12-08-1992,185,Reece Conca,http://stats.rleague.com/afl/stats/players/R/Reece_Conca.html,richmond,#debea5,Midfielder
100,23-02-1986,195,Troy Chaplin,http://stats.rleague.com/afl/stats/players/T/Troy_Chaplin.html,richmond,#cda27f,Defender
83,18-05-1982,183,Chris Newman,http://stats.rleague.com/afl/stats/players/C/Chris_Newman.html,richmond,#dcb699,Defender
86,19-04-1994,187,Nick Vlastuin,http://stats.rleague.com/afl/stats/players/N/Nick_Vlastuin.html,richmond,#dfbe9e,Defender
81,08-09-1985,178,Nathan Foley,http://stats.rleague.com/afl/stats/players/N/Nathan_Foley.html,richmond,#d5b294,Midfielder
93,31-10-1988,195,Jack Riewoldt,http://stats.rleague.com/afl/stats/players/J/Jack_Riewoldt.html,richmond,#e2c1aa,Forward
95,31-05-1990,200,Tyrone Vickery,http://stats.rleague.com/afl/stats/players/T/Tyrone_Vickery.html,richmond,#e4c5a5,null
102,04-01-1986,200,Ivan Maric,http://stats.rleague.com/afl/stats/players/I/Ivan_Maric.html,richmond,#cba079,Ruck
84,31-12-1988,185,Steven Morris,http://stats.rleague.com/afl/stats/players/S/Steven_Morris.html,richmond,#d9b28c,Defender
82,26-03-1984,178,Jake King,http://stats.rleague.com/afl/stats/players/J/Jake_King.html,richmond,#c9a27d,Forward
84,24-07-1988,185,Ricky Petterd,http://stats.rleague.com/afl/stats/players/R/Ricky_Petterd.html,richmond,#deb593,Defender
81,15-04-1987,179,Matt White,http://stats.rleague.com/afl/stats/players/M/Matt_White.html,richmond,Midfielder
92,24-12-1981,189,Shane Tuck,http://stats.rleague.com/afl/stats/players/S/Shane_Tuck.html,richmond,Midfielder
92,12-02-1987,192,Luke McGuane,http://stats.rleague.com/afl/stats/players/L/Luke_McGuane.html,richmond,Forward
92,02-03-1984,184,Aaron Edwards,http://stats.rleague.com/afl/stats/players/A/Aaron_Edwards.html,richmond,#c79b74,Forward
78,13-02-1992,188,Jake Batchelor,http://stats.rleague.com/afl/stats/players/J/Jake_Batchelor.html,richmond,#dbbca5,Defender
83,16-07-1991,193,Dylan Grimes,http://stats.rleague.com/afl/stats/players/D/Dylan_Grimes.html,richmond,#d4ae94,Defender
87,25-09-1986,184,Chris Knights,http://stats.rleague.com/afl/stats/players/C/Chris_Knights.html,richmond,#debb99,Forward
104,15-07-1982,200,Orren Stephenson,http://stats.rleague.com/afl/stats/players/O/Orren_Stephenson.html,richmond,#d7b296,Ruck
93,26-02-1991,195,David Astbury,http://stats.rleague.com/afl/stats/players/D/David_Astbury.html,richmond,#e0bda5,Defender
72,10-11-1987,176,Robin Nahas,http://stats.rleague.com/afl/stats/players/R/Robin_Nahas.html,richmond,Forward
86,21-10-1993,180,Matthew Arnot,http://stats.rleague.com/afl/stats/players/M/Matthew_Arnot.html,richmond,#dab595,Midfielder
83,13-10-1991,186,Matt Dea,http://stats.rleague.com/afl/stats/players/M/Matt_Dea.html,richmond,#dfb897,Defender
81,26-03-1987,182,Sam Lonergan,http://stats.rleague.com/afl/stats/players/S/Sam_Lonergan.html,richmond,Midfielder
84,26-01-1994,180,Matt McDonough,http://stats.rleague.com/afl/stats/players/M/Matt_McDonough.html,richmond,Forward
100,17-09-1991,200,Ben Griffiths,http://stats.rleague.com/afl/stats/players/B/Ben_Griffiths.html,richmond,#d5af88,Defender
83,28-02-1992,185,Brad Helbig,http://stats.rleague.com/afl/stats/players/B/Brad_Helbig.html,richmond,#d5ad90,Midfielder
76,02-11-1983,178,Leigh Montagna,http://stats.rleague.com/afl/stats/players/L/Leigh_Montagna.html,stkilda,#c59e7e,Midfielder
82,28-03-1990,180,Jack Steven,http://stats.rleague.com/afl/stats/players/J/Jack_Steven.html,stkilda,#ddba98,Midfielder
84,22-02-1984,185,Nick Dal Santo,http://stats.rleague.com/afl/stats/players/N/Nick_Dal_Santo.html,stkilda,#dab490,Midfielder
84,16-06-1988,183,David Armitage,http://stats.rleague.com/afl/stats/players/D/David_Armitage.html,stkilda,#e0b79a,Midfielder
83,23-03-1986,187,Farren Ray,http://stats.rleague.com/afl/stats/players/F/Farren_Ray.html,stkilda,#dbb694,Midfielder
83,02-02-1984,183,Clinton Jones,http://stats.rleague.com/afl/stats/players/C/Clinton_Jones.html,stkilda,#d2a681,Midfielder
96,17-10-1982,193,Nick Riewoldt,http://stats.rleague.com/afl/stats/players/N/Nick_Riewoldt.html,stkilda,#d3ab85,Forward
82,23-06-1988,183,Jarryn Geary,http://stats.rleague.com/afl/stats/players/J/Jarryn_Geary.html,stkilda,#ea9b72,Defender
90,21-06-1991,190,Dylan Roberton,http://stats.rleague.com/afl/stats/players/D/Dylan_Roberton.html,stkilda,#e4c1a3,Defender
84,14-01-1980,186,Lenny Hayes,http://stats.rleague.com/afl/stats/players/L/Lenny_Hayes.html,stkilda,#e0ba9c,Midfielder
85,20-01-1984,191,Sean Dempster,http://stats.rleague.com/afl/stats/players/S/Sean_Dempster.html,stkilda,#d0a375,Defender
74,24-02-1993,184,Jack Newnes,http://stats.rleague.com/afl/stats/players/J/Jack_Newnes.html,stkilda,#d7ae8e,Midfielder
101,11-07-1989,200,Ben McEvoy,http://stats.rleague.com/afl/stats/players/B/Ben_McEvoy.html,stkilda,#eda886,Ruck
83,08-03-1980,176,Stephen Milne,http://stats.rleague.com/afl/stats/players/S/Stephen_Milne.html,stkilda,#d9b392,Forward
83,07-05-1993,187,Sebastian Ross,http://stats.rleague.com/afl/stats/players/S/Sebastian_Ross.html,stkilda,#dab08a,Midfielder
94,11-08-1986,188,James Gwilt,http://stats.rleague.com/afl/stats/players/J/James_Gwilt.html,stkilda,#a97e56,Defender
98,01-12-1990,200,Rhys Stanley,http://stats.rleague.com/afl/stats/players/R/Rhys_Stanley.html,stkilda,#d6b08c,Defender
93,10-07-1982,191,Sam Fisher,http://stats.rleague.com/afl/stats/players/S/Sam_Fisher.html,stkilda,#c79e75,Defender
91,19-08-1986,194,Sam Gilbert,http://stats.rleague.com/afl/stats/players/S/Sam_Gilbert.html,stkilda,#d4a67c,Midfielder
87,06-03-1991,201,Tom Hickey,http://stats.rleague.com/afl/stats/players/T/Tom_Hickey1.html,stkilda,#c7986e,Ruck
78,28-06-1993,188,Jimmy Webster,http://stats.rleague.com/afl/stats/players/J/Jimmy_Webster.html,stkilda,#d2ab8a,Defender
78,29-07-1992,178,Tom Curren,http://stats.rleague.com/afl/stats/players/T/Tom_Curren.html,stkilda,#d6ac88,Midfielder
68,08-01-1988,185,Terry Milera,http://stats.rleague.com/afl/stats/players/T/Terry_Milera.html,stkilda,#ba9063,Forward
75,09-10-1989,175,Ahmed Saad,http://stats.rleague.com/afl/stats/players/A/Ahmed_Saad.html,stkilda,#bc8b5d,Forward
78,31-08-1994,180,Josh Saunders,http://stats.rleague.com/afl/stats/players/J/Josh_Saunders.html,stkilda,#c89e75,Midfielder
87,25-11-1992,189,Arryn Siposs,http://stats.rleague.com/afl/stats/players/A/Arryn_Siposs.html,stkilda,#d1a37a,Forward
77,16-02-1994,185,Nathan Wright,http://stats.rleague.com/afl/stats/players/N/Nathan_Wright.html,stkilda,#cf9d77,Defender
90,15-03-1981,189,Jason Blake,http://stats.rleague.com/afl/stats/players/J/Jason_Blake.html,stkilda,#eda37d,Defender
91,02-01-1991,194,Tom Lee,http://stats.rleague.com/afl/stats/players/T/Tom_Lee1.html,stkilda,Forward
79,12-05-1984,175,Adam Schneider,http://stats.rleague.com/afl/stats/players/A/Adam_Schneider.html,stkilda,#deb99b,Forward
75,30-08-1988,181,Trent Dennis-Lane,http://stats.rleague.com/afl/stats/players/T/Trent_Dennis-Lane.html,stkilda,Forward
100,20-03-1986,194,Beau Maister,http://stats.rleague.com/afl/stats/players/B/Beau_Maister.html,stkilda,#d2a580,Forward
78,21-01-1994,188,Brodie Murdoch,http://stats.rleague.com/afl/stats/players/B/Brodie_Murdoch.html,stkilda,#d7ad8c,Forward
81,21-02-1990,190,Sam Dunell,http://stats.rleague.com/afl/stats/players/S/Sam_Dunell.html,stkilda,Midfielder
91,07-08-1990,191,Tom Simpkin,http://stats.rleague.com/afl/stats/players/T/Tom_Simpkin.html,stkilda,#e1bc9b,Defender
76,17-03-1992,178,Tom Ledger,http://stats.rleague.com/afl/stats/players/T/Tom_Ledger.html,stkilda,#efb087,Midfielder
94,20-09-1982,197,Justin Koschitzke,http://stats.rleague.com/afl/stats/players/J/Justin_Koschitzke.html,stkilda,#d5ac88,Forward
82,09-12-1993,179,Darren Minchington,http://stats.rleague.com/afl/stats/players/D/Darren_Minchington.html,stkilda,#c3976f,Forward
83,27-09-1990,188,Cameron Shenton,http://stats.rleague.com/afl/stats/players/C/Cameron_Shenton.html,stkilda,#d8ad83,Midfielder
89,23-10-1992,194,Jackson Ferguson,http://stats.rleague.com/afl/stats/players/J/Jackson_Ferguson.html,stkilda,#d1a479,Defender
83,07-04-1985,184,Jarrad McVeigh,http://stats.rleague.com/afl/stats/players/J/Jarrad_McVeigh.html,sydney,#d8b89b,Midfielder
93,20-06-1988,189,Josh Kennedy,http://stats.rleague.com/afl/stats/players/J/Josh_Kennedy1.html,sydney,#d4ac87,Midfielder
78,28-06-1987,178,Kieren Jack,http://stats.rleague.com/afl/stats/players/K/Kieren_Jack.html,sydney,#d9b698,Midfielder
77,24-02-1991,182,Dan Hannebery,http://stats.rleague.com/afl/stats/players/D/Dan_Hannebery.html,sydney,null
90,24-01-1981,188,Ryan OKeefe,http://stats.rleague.com/afl/stats/players/R/Ryan_OKeefe.html,sydney,#dbb695,null
86,15-08-1984,189,Nick Malceski,http://stats.rleague.com/afl/stats/players/N/Nick_Malceski.html,sydney,#d1ac8b,Defender
85,25-10-1992,183,Luke Parker,http://stats.rleague.com/afl/stats/players/L/Luke_Parker.html,sydney,#d8b79c,Midfielder
85,21-01-1989,180,Craig Bird,http://stats.rleague.com/afl/stats/players/C/Craig_Bird.html,sydney,#d9b69d,Midfielder
100,02-06-1986,193,Heath Grundy,http://stats.rleague.com/afl/stats/players/H/Heath_Grundy.html,sydney,#d0ae8e,Defender
92,11-01-1983,193,Ted Richards,http://stats.rleague.com/afl/stats/players/T/Ted_Richards.html,sydney,#d0b090,Defender
78,12-06-1988,185,Nick Smith,http://stats.rleague.com/afl/stats/players/N/Nick_Smith1.html,sydney,#d3ae8f,Defender
84,15-03-1980,182,Jude Bolton,http://stats.rleague.com/afl/stats/players/J/Jude_Bolton.html,sydney,#cda787,Midfielder
89,13-03-1989,194,Andrejs Everitt,http://stats.rleague.com/afl/stats/players/A/Andrejs_Everitt.html,sydney,#d5b194,Forward
89,02-06-1990,189,Dane Rampe,http://stats.rleague.com/afl/stats/players/D/Dane_Rampe.html,sydney,#d7b18d,Defender
75,06-08-1985,174,Ben McGlynn,http://stats.rleague.com/afl/stats/players/B/Ben_McGlynn.html,sydney,#e7ae8f,Forward
103,24-03-1984,200,Mike Pyke,http://stats.rleague.com/afl/stats/players/M/Mike_Pyke.html,sydney,#ddb895,Ruck
83,31-05-1993,181,Tom Mitchell,http://stats.rleague.com/afl/stats/players/T/Tom_Mitchell.html,sydney,#dbbaa4,Midfielder
105,05-07-1986,198,Shane Mumford,http://stats.rleague.com/afl/stats/players/S/Shane_Mumford.html,sydney,#ddbb9b,Ruck
99,08-01-1980,194,Adam Goodes,http://stats.rleague.com/afl/stats/players/A/Adam_Goodes.html,sydney,#b48c68,Forward
103,09-01-1988,196,Jesse White,http://stats.rleague.com/afl/stats/players/J/Jesse_White.html,sydney,#cea889,Forward
75,04-05-1989,181,Lewis Jetta,http://stats.rleague.com/afl/stats/players/L/Lewis_Jetta.html,sydney,#c19972,Midfielder
104,08-05-1987,202,Kurt Tippett,http://stats.rleague.com/afl/stats/players/K/Kurt_Tippett.html,sydney,#ddb993,Forward
84,19-10-1992,181,Jed Lamb,http://stats.rleague.com/afl/stats/players/J/Jed_Lamb.html,sydney,#dcba9f,Midfielder
88,27-12-1991,194,Sam Reid,http://stats.rleague.com/afl/stats/players/S/Sam_Reid2.html,sydney,#d7b18d,Forward
72,29-09-1989,183,Tony Armstrong,http://stats.rleague.com/afl/stats/players/T/Tony_Armstrong.html,sydney,#b28a66,Defender
82,16-10-1981,183,Rhyce Shaw,http://stats.rleague.com/afl/stats/players/R/Rhyce_Shaw.html,sydney,#d4af8f,Defender
86,06-08-1982,189,Martin Mattner,http://stats.rleague.com/afl/stats/players/M/Martin_Mattner.html,sydney,#d2ac8b,Defender
83,28-01-1987,184,Mitch Morton,http://stats.rleague.com/afl/stats/players/M/Mitch_Morton.html,sydney,#e4c2a5,Forward
78,25-05-1994,178,Brandon Jack,http://stats.rleague.com/afl/stats/players/B/Brandon_Jack.html,sydney,#dcbca2,Midfielder
83,05-08-1991,187,Shane Biggs,http://stats.rleague.com/afl/stats/players/S/Shane_Biggs.html,sydney,#cea98d,Midfielder
71,06-12-1993,181,Harry Cunningham,http://stats.rleague.com/afl/stats/players/H/Harry_Cunningham.html,sydney,#d9b7a0,Defender
92,08-09-1983,194,Lewis Roberts-Thomson,http://stats.rleague.com/afl/stats/players/L/Lewis_Roberts-Thomson.html,sydney,Forward
86,07-06-1991,188,Gary Rohan,http://stats.rleague.com/afl/stats/players/G/Gary_Rohan.html,sydney,#e4c6ad,Forward
97,26-02-1988,195,Tommy Walsh,http://stats.rleague.com/afl/stats/players/T/Tommy_Walsh.html,sydney,#d4b296,Forward
87,25-04-1993,194,Xavier Richards,http://stats.rleague.com/afl/stats/players/X/Xavier_Richards.html,sydney,#d7b696,Defender
84,21-03-1985,184,Matt Priddis,http://stats.rleague.com/afl/stats/players/M/Matt_Priddis.html,westcoast,#cf9c80,Midfielder
77,02-05-1989,179,Chris Masten,http://stats.rleague.com/afl/stats/players/C/Chris_Masten.html,westcoast,#ad7252,Midfielder
86,27-03-1990,186,Scott Selwood,http://stats.rleague.com/afl/stats/players/S/Scott_Selwood.html,westcoast,#c59178,Midfielder
78,16-06-1992,182,Andrew Gaff,http://stats.rleague.com/afl/stats/players/A/Andrew_Gaff.html,westcoast,#c58e75,Midfielder
106,01-08-1981,203,Dean Cox,http://stats.rleague.com/afl/stats/players/D/Dean_Cox.html,westcoast,#c8907d,Ruck
88,02-06-1990,183,Luke Shuey,http://stats.rleague.com/afl/stats/players/L/Luke_Shuey.html,westcoast,#c68d77,Midfielder
82,15-03-1987,184,Bradd Dalziell,http://stats.rleague.com/afl/stats/players/B/Bradd_Dalziell.html,westcoast,#cf9681,Midfielder
99,25-08-1987,196,Josh Kennedy,http://stats.rleague.com/afl/stats/players/J/Josh_Kennedy0.html,westcoast,#d4ac87,Forward
82,14-01-1986,187,Sam Butler,http://stats.rleague.com/afl/stats/players/S/Sam_Butler.html,westcoast,#d79f85,Defender
94,14-05-1981,192,Darren Glass,http://stats.rleague.com/afl/stats/players/D/Darren_Glass.html,westcoast,#cb9375,Defender
87,13-06-1992,191,Jack Darling,http://stats.rleague.com/afl/stats/players/J/Jack_Darling.html,westcoast,#c78e77,Forward
80,30-08-1986,183,Mark LeCras,http://stats.rleague.com/afl/stats/players/M/Mark_LeCras.html,westcoast,#c19278,Forward
94,19-05-1988,196,Eric Mackenzie,http://stats.rleague.com/afl/stats/players/E/Eric_Mackenzie.html,westcoast,#c5957c,Defender
82,23-11-1986,189,Matt Rosa,http://stats.rleague.com/afl/stats/players/M/Matt_Rosa.html,westcoast,#c79379,Midfielder
86,19-01-1989,185,Josh Hill,http://stats.rleague.com/afl/stats/players/J/Josh_Hill.html,westcoast,#b07b64,Forward
80,16-05-1983,178,Daniel Kerr,http://stats.rleague.com/afl/stats/players/D/Daniel_Kerr.html,westcoast,#a36744,Midfielder
94,24-01-1989,196,Will Schofield,http://stats.rleague.com/afl/stats/players/W/Will_Schofield.html,westcoast,#ca967b,Defender
85,07-07-1988,185,Sharrod Wellingham,http://stats.rleague.com/afl/stats/players/S/Sharrod_Wellingham.html,westcoast,#b57e50,Midfielder
95,17-12-1988,194,Mitch Brown,http://stats.rleague.com/afl/stats/players/M/Mitch_Brown0.html,westcoast,#d9ab98,Forward
96,04-09-1987,186,Shannon Hurn,http://stats.rleague.com/afl/stats/players/S/Shannon_Hurn.html,westcoast,#d8aa93,Defender
81,25-05-1991,181,Mark Hutchings,http://stats.rleague.com/afl/stats/players/M/Mark_Hutchings.html,westcoast,#c89271,Midfielder
85,20-07-1990,186,Ashley Smith,http://stats.rleague.com/afl/stats/players/A/Ashley_Smith.html,westcoast,#d09373,Defender
81,23-04-1992,183,Jamie Cripps,http://stats.rleague.com/afl/stats/players/J/Jamie_Cripps.html,westcoast,#c89572,Forward
80,23-05-1991,186,Brad Sheppard,http://stats.rleague.com/afl/stats/players/B/Brad_Sheppard.html,westcoast,#cb977b,Defender
87,30-03-1986,188,Beau Waters,http://stats.rleague.com/afl/stats/players/B/Beau_Waters.html,westcoast,#c5917c,Defender
91,27-06-1981,189,Andrew Embley,http://stats.rleague.com/afl/stats/players/A/Andrew_Embley.html,westcoast,#c1896c,Midfielder
101,04-05-1990,201,Nic Naitanui,http://stats.rleague.com/afl/stats/players/N/Nic_Naitanui.html,westcoast,#3d1f0f,Ruck
89,26-01-1992,188,Blayne Wilson,http://stats.rleague.com/afl/stats/players/B/Blayne_Wilson.html,westcoast,#ce9a85,Defender
82,24-01-1990,188,Jacob Brennan,http://stats.rleague.com/afl/stats/players/J/Jacob_Brennan.html,westcoast,#c48e78,Defender
84,01-05-1984,189,Adam Selwood,http://stats.rleague.com/afl/stats/players/A/Adam_Selwood.html,westcoast,#ce9e86,Defender
83,18-02-1989,183,Patrick McGinnity,http://stats.rleague.com/afl/stats/players/P/Patrick_McGinnity.html,westcoast,#cf9886,Midfielder
77,06-09-1986,174,Ashton Hams,http://stats.rleague.com/afl/stats/players/A/Ashton_Hams.html,westcoast,#c48e73,Forward
99,26-09-1992,202,Scott Lycett,http://stats.rleague.com/afl/stats/players/S/Scott_Lycett.html,westcoast,#d9a895,Ruck
74,17-04-1994,179,Adam Carter,http://stats.rleague.com/afl/stats/players/A/Adam_Carter.html,westcoast,#a66849,Midfielder
95,23-09-1989,200,Callum Sinclair,http://stats.rleague.com/afl/stats/players/C/Callum_Sinclair.html,westcoast,#c8926e,Ruck
86,18-01-1990,192,Cale Morton,http://stats.rleague.com/afl/stats/players/C/Cale_Morton.html,westcoast,#c89574,Midfielder
96,01-04-1993,191,Simon Tunbridge,http://stats.rleague.com/afl/stats/players/S/Simon_Tunbridge.html,westcoast,#cc9374,Defender
88,27-07-1986,188,Ryan Griffen,http://stats.rleague.com/afl/stats/players/R/Ryan_Griffen.html,westernbulldogs,Midfielder
80,16-05-1992,180,Tom Liberatore,http://stats.rleague.com/afl/stats/players/T/Tom_Liberatore.html,westernbulldogs,Midfielder
86,30-09-1985,185,Adam Cooney,http://stats.rleague.com/afl/stats/players/A/Adam_Cooney.html,westernbulldogs,Midfielder
83,09-06-1982,186,Robert Murphy,http://stats.rleague.com/afl/stats/players/R/Robert_Murphy.html,westernbulldogs,Forward
87,27-08-1982,184,Matthew Boyd,http://stats.rleague.com/afl/stats/players/M/Matthew_Boyd.html,westernbulldogs,Midfielder
77,21-08-1992,178,Luke Dahlhaus,http://stats.rleague.com/afl/stats/players/L/Luke_Dahlhaus.html,westernbulldogs,Forward
83,18-06-1991,187,Koby Stevens,http://stats.rleague.com/afl/stats/players/K/Koby_Stevens.html,westernbulldogs,Midfielder
83,24-10-1992,184,Mitch Wallis,http://stats.rleague.com/afl/stats/players/M/Mitch_Wallis.html,westernbulldogs,Midfielder
81,01-08-1986,183,Liam Picken,http://stats.rleague.com/afl/stats/players/L/Liam_Picken.html,westernbulldogs,Midfielder
106,11-04-1985,199,Will Minson,http://stats.rleague.com/afl/stats/players/W/Will_Minson.html,westernbulldogs,Ruck
86,30-03-1983,187,Daniel Cross,http://stats.rleague.com/afl/stats/players/D/Daniel_Cross.html,westernbulldogs,Midfielder
80,11-03-1982,182,Daniel Giansiracusa,http://stats.rleague.com/afl/stats/players/D/Daniel_Giansiracusa.html,westernbulldogs,Forward
89,17-02-1984,183,Brett Goodes,http://stats.rleague.com/afl/stats/players/B/Brett_Goodes.html,westernbulldogs,Defender
89,29-12-1982,190,Dale Morris,http://stats.rleague.com/afl/stats/players/D/Dale_Morris.html,westernbulldogs,Defender
91,26-04-1992,191,Tom Young,http://stats.rleague.com/afl/stats/players/T/Tom_Young.html,westernbulldogs,Defender
100,03-11-1990,200,Jordan Roughead,http://stats.rleague.com/afl/stats/players/J/Jordan_Roughead.html,westernbulldogs,Defender
76,03-08-1994,188,Jack Macrae,http://stats.rleague.com/afl/stats/players/J/Jack_Macrae.html,westernbulldogs,Midfielder
78,11-05-1993,180,Clay Smith,http://stats.rleague.com/afl/stats/players/C/Clay_Smith.html,westernbulldogs,Midfielder
68,08-11-1992,176,Jason Johannisen,http://stats.rleague.com/afl/stats/players/J/Jason_Johannisen.html,westernbulldogs,Defender
83,23-06-1987,189,Nick Lower,http://stats.rleague.com/afl/stats/players/N/Nick_Lower.html,westernbulldogs,Midfielder
78,26-09-1987,180,Tory Dickson,http://stats.rleague.com/afl/stats/players/T/Tory_Dickson.html,westernbulldogs,Forward
88,11-02-1993,192,Michael Talia,http://stats.rleague.com/afl/stats/players/M/Michael_Talia.html,westernbulldogs,Defender
98,24-02-1991,197,Liam Jones,http://stats.rleague.com/afl/stats/players/L/Liam_Jones.html,westernbulldogs,Forward
83,06-07-1989,192,Jarrad Grant,http://stats.rleague.com/afl/stats/players/J/Jarrad_Grant.html,westernbulldogs,Forward
77,15-05-1991,177,Jason Tutt,http://stats.rleague.com/afl/stats/players/J/Jason_Tutt.html,westernbulldogs,Midfielder
86,07-10-1987,185,Dylan Addison,http://stats.rleague.com/afl/stats/players/D/Dylan_Addison.html,westernbulldogs,Forward
80,13-12-1994,181,Lachie Hunter,http://stats.rleague.com/afl/stats/players/L/Lachie_Hunter.html,westernbulldogs,Midfielder
77,07-06-1994,175,Nathan Hrovat,http://stats.rleague.com/afl/stats/players/N/Nathan_Hrovat.html,westernbulldogs,Midfielder
93,25-04-1994,191,Jake Stringer,http://stats.rleague.com/afl/stats/players/J/Jake_Stringer.html,westernbulldogs,Forward
93,24-02-1989,193,Mark Austin,http://stats.rleague.com/afl/stats/players/M/Mark_Austin.html,westernbulldogs,Defender
84,04-09-1989,185,Easton Wood,http://stats.rleague.com/afl/stats/players/E/Easton_Wood.html,westernbulldogs,Defender
98,02-11-1991,201,Tom Campbell,http://stats.rleague.com/afl/stats/players/T/Tom_Campbell1.html,westernbulldogs,Ruck
88,04-03-1988,184,Shaun Higgins,http://stats.rleague.com/afl/stats/players/S/Shaun_Higgins.html,westernbulldogs,Forward
99,06-08-1990,202,Ayce Cordy,http://stats.rleague.com/afl/stats/players/A/Ayce_Cordy.html,westernbulldogs,Forward
95,05-01-1987,193,Lukas Markovic,http://stats.rleague.com/afl/stats/players/L/Lukas_Markovic.html,westernbulldogs,Defender
101,17-07-1986,196,Tom Williams,http://stats.rleague.com/afl/stats/players/T/Tom_Williams1.html,westernbulldogs,Forward
81,19-03-1991,184,Christian Howard,http://stats.rleague.com/afl/stats/players/C/Christian_Howard.html,westernbulldogs,Defender
84,01-09-1989,181,Patrick Veszpremi,http://stats.rleague.com/afl/stats/players/P/Patrick_Veszpremi.html,westernbulldogs,Forward
